sku_id,a1,a2,a3,cate,brand,browse_num,addcart_num,delcart_num,buy_num,favor_num,click_num,buy_addcart_ratio,buy_browse_ratio,buy_click_ratio,buy_favor_ratio,comment_num,has_bad_comment,bad_comment_rate
100744,3,-1,2,8,214,1.0,0.0,0.0,0.0,0.0,2.0,,0.0,0.0,,1.0,0.0,0.0
101001,1,1,2,8,885,1.0,0.0,0.0,0.0,0.0,2.0,,0.0,0.0,,4.0,1.0,0.0469
101181,1,1,1,8,800,3.0,0.0,0.0,0.0,0.0,3.0,,0.0,0.0,,4.0,1.0,0.0198
10133,3,1,1,8,214,1.0,0.0,0.0,0.0,0.0,4.0,,0.0,0.0,,3.0,1.0,0.0294
101664,1,1,2,8,693,12.0,0.0,1.0,0.0,0.0,16.0,,0.0,0.0,,4.0,1.0,0.0399
101779,2,2,2,8,124,0.0,0.0,1.0,0.0,0.0,0.0,,,,,3.0,0.0,0.0
10281,-1,1,1,8,766,1.0,0.0,0.0,0.0,0.0,3.0,,0.0,0.0,,4.0,1.0,0.019
103132,1,2,2,8,545,94.0,11.0,0.0,1.0,0.0,151.0,0.09090909090909091,0.010638297872340425,0.006622516556291391,1.0,4.0,1.0,0.0236
10321,3,1,2,8,214,4.0,1.0,0.0,0.0,0.0,7.0,0.0,0.0,0.0,,4.0,1.0,0.0432
103234,3,1,2,8,214,8.0,0.0,0.0,0.0,0.0,20.0,,0.0,0.0,,4.0,1.0,0.0307
10325,1,1,2,8,885,20.0,3.0,0.0,0.0,0.0,28.0,0.0,0.0,0.0,,4.0,1.0,0.0085
103588,1,1,1,8,677,2.0,0.0,0.0,0.0,0.0,4.0,,0.0,0.0,,3.0,1.0,0.0455
103652,1,-1,2,8,658,7.0,0.0,0.0,0.0,0.0,22.0,,0.0,0.0,,4.0,1.0,0.0056
103890,3,2,2,8,214,8.0,1.0,0.0,0.0,0.0,17.0,0.0,0.0,0.0,,2.0,0.0,0.0
105559,3,1,2,8,214,7.0,1.0,0.0,0.0,0.0,12.0,0.0,0.0,0.0,,4.0,1.0,0.0387
106927,1,1,1,8,800,4.0,0.0,0.0,0.0,0.0,4.0,,0.0,0.0,,4.0,1.0,0.1282
107012,3,2,2,8,306,32.0,0.0,0.0,0.0,0.0,42.0,,0.0,0.0,,4.0,1.0,0.0459
108071,3,1,2,8,214,6.0,0.0,0.0,0.0,0.0,9.0,,0.0,0.0,,2.0,0.0,0.0
108399,1,2,2,8,403,21.0,2.0,0.0,0.0,1.0,34.0,0.0,0.0,0.0,0.0,4.0,1.0,0.0195
108858,1,1,1,8,30,9.0,0.0,0.0,1.0,0.0,5.0,1.0,0.1111111111111111,0.2,1.0,4.0,1.0,0.0235
109083,1,2,1,8,800,2.0,0.0,0.0,0.0,0.0,2.0,,0.0,0.0,,4.0,1.0,0.0357
109093,1,2,2,8,885,5.0,0.0,1.0,0.0,0.0,9.0,,0.0,0.0,,4.0,1.0,0.0229
109726,3,2,2,8,214,6.0,0.0,0.0,0.0,0.0,6.0,,0.0,0.0,,3.0,0.0,0.0
109728,3,2,2,8,489,30.0,0.0,0.0,0.0,0.0,40.0,,0.0,0.0,,4.0,1.0,0.0171
11061,3,1,1,8,214,2.0,0.0,0.0,0.0,0.0,0.0,,0.0,,,3.0,1.0,0.025
110779,1,2,2,8,545,6.0,0.0,0.0,0.0,0.0,5.0,,0.0,0.0,,4.0,1.0,0.0189
111225,1,1,1,8,693,4.0,0.0,0.0,0.0,0.0,6.0,,0.0,0.0,,4.0,1.0,0.0333
111999,3,1,2,8,214,6.0,0.0,0.0,0.0,0.0,10.0,,0.0,0.0,,4.0,1.0,0.0192
112332,3,1,1,8,214,7.0,2.0,0.0,0.0,0.0,14.0,0.0,0.0,0.0,,4.0,1.0,0.0353
112343,3,2,2,8,214,1.0,0.0,0.0,0.0,0.0,1.0,,0.0,0.0,,3.0,0.0,0.0
112733,1,2,1,8,800,2.0,0.0,0.0,0.0,0.0,4.0,,0.0,0.0,,3.0,1.0,0.0833
113161,1,-1,1,8,800,2.0,0.0,0.0,0.0,0.0,3.0,,0.0,0.0,,1.0,0.0,0.0
113202,3,2,1,8,214,12.0,0.0,0.0,0.0,0.0,14.0,,0.0,0.0,,3.0,0.0,0.0
113305,-1,1,2,8,244,6.0,1.0,0.0,0.0,0.0,0.0,0.0,0.0,,,4.0,1.0,0.0057
113452,1,1,2,8,800,2.0,0.0,0.0,0.0,0.0,4.0,,0.0,0.0,,4.0,1.0,0.0592
114113,1,1,2,8,885,1.0,0.0,0.0,0.0,0.0,2.0,,0.0,0.0,,3.0,1.0,0.0526
115215,1,1,2,8,800,12.0,0.0,0.0,0.0,0.0,25.0,,0.0,0.0,,4.0,1.0,0.0281
115495,3,2,2,8,214,2.0,0.0,0.0,0.0,0.0,7.0,,0.0,0.0,,4.0,1.0,0.0143
115851,1,1,1,8,885,16.0,0.0,0.0,0.0,0.0,11.0,,0.0,0.0,,4.0,1.0,0.0184
115863,2,1,1,8,124,12.0,1.0,0.0,0.0,0.0,10.0,0.0,0.0,0.0,,4.0,1.0,0.0189
11640,3,1,2,8,214,2.0,0.0,1.0,0.0,0.0,4.0,,0.0,0.0,,4.0,1.0,0.0336
116421,3,2,2,8,214,4.0,0.0,0.0,0.0,0.0,21.0,,0.0,0.0,,4.0,1.0,0.0316
116489,1,1,1,8,545,10.0,0.0,0.0,0.0,1.0,17.0,,0.0,0.0,0.0,4.0,1.0,0.033
116597,2,1,2,8,812,0.0,0.0,0.0,0.0,0.0,13.0,,,0.0,,4.0,1.0,0.0492
116746,3,1,2,8,214,4.0,0.0,0.0,0.0,0.0,6.0,,0.0,0.0,,3.0,1.0,0.1538
117452,1,1,1,8,677,6.0,0.0,0.0,0.0,0.0,4.0,,0.0,0.0,,4.0,1.0,0.0557
117996,3,1,2,8,214,2.0,0.0,0.0,0.0,0.0,3.0,,0.0,0.0,,2.0,0.0,0.0
118167,1,1,2,8,596,0.0,0.0,0.0,0.0,0.0,3.0,,,0.0,,4.0,1.0,0.0702
118799,-1,1,2,8,244,1.0,0.0,0.0,0.0,0.0,3.0,,0.0,0.0,,2.0,0.0,0.0
119111,3,1,1,8,214,1.0,0.0,0.0,0.0,0.0,1.0,,0.0,0.0,,4.0,1.0,0.026000000000000002
119979,3,2,2,8,214,3.0,0.0,0.0,0.0,0.0,21.0,,0.0,0.0,,4.0,1.0,0.0213
120189,3,2,-1,8,214,2.0,0.0,0.0,0.0,0.0,2.0,,0.0,0.0,,3.0,0.0,0.0
120532,1,1,1,8,30,2.0,1.0,0.0,0.0,0.0,4.0,0.0,0.0,0.0,,4.0,1.0,0.0385
120991,3,-1,1,8,214,6.0,0.0,0.0,0.0,0.0,14.0,,0.0,0.0,,,,
121033,3,1,2,8,214,4.0,1.0,0.0,0.0,0.0,8.0,0.0,0.0,0.0,,4.0,1.0,0.0152
121342,2,1,2,8,812,0.0,0.0,0.0,0.0,0.0,4.0,,,0.0,,2.0,0.0,0.0
121850,1,2,1,8,800,4.0,0.0,0.0,0.0,0.0,3.0,,0.0,0.0,,3.0,0.0,0.0
122720,2,-1,-1,8,124,1.0,0.0,0.0,0.0,0.0,2.0,,0.0,0.0,,,,
123016,1,1,1,8,693,9.0,0.0,0.0,0.0,0.0,11.0,,0.0,0.0,,4.0,1.0,0.0489
123263,3,1,1,8,214,2.0,0.0,0.0,0.0,0.0,2.0,,0.0,0.0,,4.0,1.0,0.0233
123453,3,-1,-1,8,214,1.0,0.0,0.0,0.0,0.0,2.0,,0.0,0.0,,,,
123578,3,2,2,8,214,3.0,0.0,0.0,0.0,0.0,10.0,,0.0,0.0,,4.0,0.0,0.0
123684,3,2,1,8,214,0.0,1.0,0.0,0.0,0.0,0.0,0.0,,,,2.0,0.0,0.0
12371,1,-1,1,8,800,1.0,0.0,0.0,0.0,0.0,0.0,,0.0,,,3.0,1.0,0.0294
123773,1,2,1,8,693,1.0,1.0,0.0,0.0,0.0,3.0,0.0,0.0,0.0,,4.0,1.0,0.0622
124997,1,1,1,8,693,11.0,0.0,0.0,0.0,0.0,7.0,,0.0,0.0,,4.0,1.0,0.0039
125363,1,1,2,8,800,1.0,0.0,0.0,0.0,0.0,3.0,,0.0,0.0,,4.0,1.0,0.0222
12540,1,2,2,8,545,1.0,0.0,0.0,0.0,0.0,1.0,,0.0,0.0,,4.0,1.0,0.0247
12564,3,1,2,8,214,74.0,3.0,0.0,0.0,0.0,135.0,0.0,0.0,0.0,,4.0,1.0,0.0204
125704,3,1,2,8,214,0.0,0.0,0.0,0.0,0.0,1.0,,,0.0,,3.0,0.0,0.0
125756,1,1,2,8,30,6.0,0.0,0.0,0.0,0.0,7.0,,0.0,0.0,,4.0,1.0,0.0288
126144,1,1,2,8,545,2.0,0.0,0.0,0.0,0.0,3.0,,0.0,0.0,,4.0,1.0,0.0129
126146,1,1,1,8,800,35.0,0.0,2.0,0.0,1.0,43.0,,0.0,0.0,0.0,4.0,1.0,0.0317
126335,2,1,1,8,812,6.0,0.0,0.0,0.0,0.0,7.0,,0.0,0.0,,3.0,0.0,0.0
126394,1,1,2,8,545,1.0,0.0,0.0,0.0,0.0,8.0,,0.0,0.0,,4.0,1.0,0.0309
126535,1,1,1,8,545,2.0,0.0,0.0,0.0,0.0,4.0,,0.0,0.0,,4.0,1.0,0.0185
126846,3,2,-1,8,214,4.0,0.0,0.0,0.0,0.0,8.0,,0.0,0.0,,4.0,1.0,0.0291
126906,1,1,2,8,403,11.0,0.0,0.0,0.0,0.0,9.0,,0.0,0.0,,4.0,1.0,0.0348
127313,3,-1,-1,8,306,2.0,0.0,0.0,0.0,1.0,3.0,,0.0,0.0,0.0,,,
127367,3,1,-1,8,214,2.0,0.0,0.0,0.0,0.0,2.0,,0.0,0.0,,3.0,1.0,0.0357
127735,3,1,2,8,214,5.0,1.0,0.0,0.0,0.0,6.0,0.0,0.0,0.0,,4.0,1.0,0.0196
128089,3,2,1,8,306,4.0,0.0,0.0,0.0,0.0,4.0,,0.0,0.0,,4.0,1.0,0.034
128193,3,1,1,8,489,0.0,0.0,0.0,0.0,0.0,5.0,,,0.0,,4.0,1.0,0.0204
128309,1,2,1,8,693,4.0,0.0,0.0,0.0,0.0,8.0,,0.0,0.0,,4.0,1.0,0.0256
128462,2,1,2,8,655,2.0,0.0,0.0,0.0,0.0,4.0,,0.0,0.0,,2.0,0.0,0.0
128567,3,2,2,8,306,15.0,2.0,0.0,0.0,0.0,31.0,0.0,0.0,0.0,,4.0,1.0,0.0452
128747,3,1,1,8,489,6.0,0.0,0.0,0.0,0.0,11.0,,0.0,0.0,,4.0,1.0,0.0239
128977,3,1,1,8,214,2.0,0.0,0.0,0.0,0.0,4.0,,0.0,0.0,,4.0,1.0,0.0147
128988,1,1,2,8,545,4.0,0.0,0.0,0.0,0.0,6.0,,0.0,0.0,,4.0,1.0,0.0072
129001,3,1,1,8,214,2.0,1.0,0.0,0.0,0.0,3.0,0.0,0.0,0.0,,4.0,1.0,0.0127
129010,1,-1,-1,8,545,11.0,0.0,0.0,0.0,0.0,9.0,,0.0,0.0,,4.0,1.0,0.0232
129433,3,-1,1,8,489,10.0,0.0,0.0,0.0,0.0,33.0,,0.0,0.0,,4.0,1.0,0.057999999999999996
130278,2,1,2,8,124,0.0,0.0,1.0,0.0,0.0,0.0,,,,,4.0,1.0,0.0735
13035,3,1,2,8,214,2.0,0.0,0.0,0.0,0.0,3.0,,0.0,0.0,,,,
130563,3,1,2,8,214,3.0,1.0,0.0,0.0,0.0,9.0,0.0,0.0,0.0,,4.0,1.0,0.0047
131300,1,1,2,8,693,22.0,1.0,0.0,1.0,0.0,30.0,1.0,0.045454545454545456,0.03333333333333333,1.0,4.0,1.0,0.0434
131771,3,1,2,8,489,2.0,0.0,0.0,0.0,0.0,6.0,,0.0,0.0,,,,
132417,3,1,1,8,214,2.0,0.0,0.0,0.0,0.0,14.0,,0.0,0.0,,4.0,1.0,0.0143
132782,1,1,1,8,658,2.0,0.0,0.0,0.0,0.0,3.0,,0.0,0.0,,4.0,1.0,0.0448
132952,1,2,1,8,545,2.0,0.0,0.0,0.0,0.0,3.0,,0.0,0.0,,2.0,0.0,0.0
133029,3,1,2,8,214,2.0,0.0,0.0,0.0,0.0,9.0,,0.0,0.0,,4.0,1.0,0.0207
13334,3,1,-1,8,214,3.0,0.0,0.0,0.0,0.0,8.0,,0.0,0.0,,4.0,1.0,0.0335
133436,1,1,1,8,800,1.0,0.0,0.0,0.0,0.0,3.0,,0.0,0.0,,4.0,1.0,0.0701
134084,1,1,1,8,693,6.0,0.0,0.0,0.0,0.0,10.0,,0.0,0.0,,4.0,1.0,0.033
134330,1,1,2,8,693,2.0,0.0,0.0,0.0,0.0,4.0,,0.0,0.0,,3.0,0.0,0.0
134555,1,1,2,8,885,1.0,0.0,0.0,0.0,0.0,2.0,,0.0,0.0,,4.0,1.0,0.037000000000000005
134619,1,1,2,8,885,24.0,0.0,0.0,0.0,0.0,31.0,,0.0,0.0,,4.0,1.0,0.0101
135334,1,1,2,8,30,2.0,0.0,0.0,0.0,0.0,0.0,,0.0,,,4.0,1.0,0.04
135409,3,1,2,8,214,9.0,0.0,0.0,0.0,0.0,13.0,,0.0,0.0,,4.0,1.0,0.0314
135577,3,1,1,8,306,1.0,0.0,0.0,0.0,0.0,2.0,,0.0,0.0,,4.0,1.0,0.0372
135911,3,1,2,8,489,2.0,0.0,0.0,0.0,0.0,7.0,,0.0,0.0,,2.0,0.0,0.0
138151,1,1,1,8,30,4.0,0.0,0.0,0.0,0.0,11.0,,0.0,0.0,,4.0,1.0,0.0156
138289,3,1,2,8,306,2.0,0.0,0.0,0.0,0.0,2.0,,0.0,0.0,,2.0,0.0,0.0
138374,2,1,2,8,812,6.0,0.0,0.0,0.0,0.0,12.0,,0.0,0.0,,2.0,0.0,0.0
138493,3,2,1,8,214,2.0,0.0,0.0,0.0,0.0,3.0,,0.0,0.0,,3.0,1.0,0.0238
138778,1,1,1,8,403,5.0,0.0,0.0,0.0,0.0,16.0,,0.0,0.0,,4.0,1.0,0.0257
138853,1,1,1,8,403,2.0,0.0,0.0,0.0,0.0,0.0,,0.0,,,4.0,1.0,0.0122
13915,3,-1,-1,8,214,1.0,0.0,0.0,0.0,0.0,3.0,,0.0,0.0,,,,
140511,3,2,2,8,214,4.0,0.0,0.0,0.0,0.0,6.0,,0.0,0.0,,,,
14066,2,1,2,8,812,2.0,0.0,0.0,0.0,0.0,2.0,,0.0,0.0,,2.0,0.0,0.0
140687,3,1,1,8,489,1.0,0.0,0.0,0.0,0.0,1.0,,0.0,0.0,,4.0,1.0,0.0246
140702,2,1,2,8,623,4.0,0.0,0.0,0.0,0.0,4.0,,0.0,0.0,,4.0,1.0,0.0331
140807,1,1,2,8,658,4.0,0.0,0.0,0.0,0.0,3.0,,0.0,0.0,,4.0,1.0,0.0228
141094,3,2,-1,8,214,0.0,0.0,0.0,0.0,0.0,4.0,,,0.0,,4.0,1.0,0.0194
141167,1,1,2,8,427,6.0,1.0,0.0,0.0,0.0,21.0,0.0,0.0,0.0,,4.0,1.0,0.0364
14163,3,2,1,8,306,18.0,1.0,0.0,0.0,0.0,21.0,0.0,0.0,0.0,,4.0,1.0,0.0371
14181,3,1,2,8,214,7.0,0.0,0.0,0.0,0.0,7.0,,0.0,0.0,,4.0,1.0,0.0527
142140,1,1,1,8,30,2.0,0.0,0.0,0.0,0.0,0.0,,0.0,,,4.0,1.0,0.0228
142667,1,1,1,8,403,11.0,0.0,0.0,0.0,0.0,14.0,,0.0,0.0,,4.0,1.0,0.0247
143992,3,1,2,8,489,2.0,0.0,0.0,0.0,0.0,4.0,,0.0,0.0,,,,
14433,1,1,2,8,30,2.0,0.0,0.0,0.0,0.0,3.0,,0.0,0.0,,4.0,1.0,0.0343
144364,-1,-1,1,8,48,4.0,0.0,0.0,0.0,0.0,0.0,,0.0,,,4.0,0.0,0.0
144549,1,1,1,8,545,2.0,0.0,0.0,0.0,0.0,2.0,,0.0,0.0,,4.0,1.0,0.0603
144602,1,2,1,8,375,2.0,0.0,0.0,0.0,0.0,4.0,,0.0,0.0,,4.0,1.0,0.0479
144635,3,1,2,8,306,1.0,0.0,0.0,0.0,0.0,2.0,,0.0,0.0,,4.0,1.0,0.0372
144964,3,1,-1,8,214,2.0,0.0,0.0,0.0,0.0,2.0,,0.0,0.0,,,,
14577,1,1,1,8,677,2.0,0.0,0.0,0.0,0.0,3.0,,0.0,0.0,,4.0,1.0,0.0466
145895,1,1,2,8,693,18.0,0.0,0.0,0.0,0.0,25.0,,0.0,0.0,,4.0,1.0,0.0401
145946,1,1,1,8,658,4.0,0.0,0.0,0.0,3.0,5.0,,0.0,0.0,0.0,4.0,1.0,0.0225
146427,3,1,1,8,214,1.0,0.0,0.0,0.0,0.0,1.0,,0.0,0.0,,4.0,1.0,0.0109
146523,3,2,2,8,489,3.0,0.0,0.0,0.0,0.0,11.0,,0.0,0.0,,4.0,1.0,0.0166
146704,1,1,1,8,800,21.0,0.0,0.0,0.0,0.0,37.0,,0.0,0.0,,3.0,1.0,0.0345
147757,1,1,1,8,545,2.0,0.0,0.0,0.0,0.0,3.0,,0.0,0.0,,4.0,1.0,0.0366
147796,3,1,1,8,489,7.0,0.0,0.0,0.0,1.0,12.0,,0.0,0.0,0.0,4.0,1.0,0.0134
148421,3,1,2,8,214,1.0,0.0,0.0,0.0,0.0,1.0,,0.0,0.0,,4.0,1.0,0.0342
148434,3,2,2,8,306,2.0,0.0,0.0,0.0,0.0,9.0,,0.0,0.0,,2.0,0.0,0.0
149223,1,1,1,8,658,4.0,0.0,0.0,0.0,0.0,11.0,,0.0,0.0,,4.0,1.0,0.0423
149641,1,1,2,8,403,10.0,0.0,1.0,0.0,0.0,11.0,,0.0,0.0,,4.0,1.0,0.0321
149854,1,2,1,8,800,4.0,0.0,0.0,0.0,0.0,6.0,,0.0,0.0,,4.0,1.0,0.0382
150332,3,1,1,8,214,2.0,0.0,0.0,0.0,0.0,4.0,,0.0,0.0,,4.0,1.0,0.0351
150801,1,2,1,8,30,1.0,0.0,0.0,0.0,0.0,0.0,,0.0,,,4.0,1.0,0.042
150957,1,1,1,8,677,2.0,0.0,0.0,0.0,0.0,5.0,,0.0,0.0,,3.0,0.0,0.0
151327,1,1,2,8,403,29.0,0.0,0.0,0.0,1.0,27.0,,0.0,0.0,0.0,4.0,1.0,0.0283
151760,3,-1,2,8,214,4.0,0.0,0.0,0.0,0.0,8.0,,0.0,0.0,,2.0,0.0,0.0
152179,3,1,2,8,214,0.0,0.0,0.0,0.0,0.0,4.0,,,0.0,,4.0,1.0,0.038
152194,3,1,2,8,214,4.0,0.0,0.0,0.0,0.0,6.0,,0.0,0.0,,4.0,1.0,0.0382
152478,3,1,2,8,306,27.0,4.0,0.0,0.0,0.0,34.0,0.0,0.0,0.0,,4.0,1.0,0.021
152524,3,1,1,8,214,4.0,0.0,0.0,0.0,0.0,6.0,,0.0,0.0,,2.0,0.0,0.0
15259,1,2,1,8,545,16.0,0.0,1.0,0.0,0.0,29.0,,0.0,0.0,,4.0,1.0,0.017
152872,3,2,1,8,306,25.0,0.0,0.0,0.0,0.0,26.0,,0.0,0.0,,4.0,1.0,0.0389
153102,1,-1,-1,8,693,4.0,0.0,0.0,0.0,0.0,4.0,,0.0,0.0,,,,
153395,1,1,2,8,545,6.0,0.0,0.0,0.0,2.0,11.0,,0.0,0.0,0.0,4.0,1.0,0.0186
153551,3,1,2,8,489,6.0,0.0,0.0,0.0,0.0,11.0,,0.0,0.0,,4.0,1.0,0.0226
153698,3,1,1,8,306,1.0,0.0,0.0,0.0,0.0,0.0,,0.0,,,4.0,1.0,0.0169
153867,1,-1,1,8,30,2.0,0.0,0.0,0.0,0.0,5.0,,0.0,0.0,,,,
154636,1,1,1,8,545,46.0,11.0,1.0,2.0,0.0,73.0,0.18181818181818182,0.043478260869565216,0.0273972602739726,1.0,4.0,1.0,0.0189
154823,3,2,-1,8,214,2.0,0.0,0.0,0.0,0.0,14.0,,0.0,0.0,,4.0,1.0,0.0566
155017,1,2,1,8,545,4.0,0.0,0.0,1.0,0.0,3.0,1.0,0.25,0.3333333333333333,1.0,4.0,1.0,0.0155
15511,3,2,1,8,214,1.0,0.0,0.0,0.0,0.0,1.0,,0.0,0.0,,2.0,0.0,0.0
155707,3,1,2,8,214,1.0,0.0,0.0,0.0,0.0,2.0,,0.0,0.0,,3.0,1.0,0.02
156064,1,1,1,8,885,8.0,1.0,0.0,0.0,0.0,11.0,0.0,0.0,0.0,,4.0,1.0,0.0178
15661,1,1,2,8,427,5.0,1.0,0.0,0.0,0.0,13.0,0.0,0.0,0.0,,4.0,1.0,0.0341
156897,1,1,2,8,545,6.0,0.0,0.0,0.0,0.0,6.0,,0.0,0.0,,3.0,1.0,0.0769
157381,3,2,-1,8,214,2.0,0.0,0.0,0.0,0.0,2.0,,0.0,0.0,,2.0,0.0,0.0
157508,3,2,2,8,214,2.0,0.0,0.0,0.0,0.0,0.0,,0.0,,,2.0,0.0,0.0
15781,1,2,1,8,403,0.0,0.0,0.0,0.0,0.0,6.0,,,0.0,,4.0,1.0,0.0315
157845,3,1,2,8,489,2.0,0.0,0.0,0.0,0.0,4.0,,0.0,0.0,,,,
158020,1,2,2,8,658,4.0,1.0,0.0,0.0,0.0,12.0,0.0,0.0,0.0,,4.0,0.0,0.0
158152,2,1,2,8,812,0.0,0.0,0.0,0.0,0.0,4.0,,,0.0,,4.0,1.0,0.0149
158505,3,1,1,8,214,4.0,0.0,0.0,0.0,0.0,3.0,,0.0,0.0,,2.0,1.0,0.3333
158569,1,1,2,8,545,1.0,0.0,1.0,0.0,0.0,2.0,,0.0,0.0,,4.0,1.0,0.0034
158864,2,1,2,8,812,2.0,0.0,0.0,0.0,0.0,2.0,,0.0,0.0,,3.0,1.0,0.2143
15921,-1,1,2,8,244,3.0,0.0,0.0,1.0,0.0,9.0,1.0,0.3333333333333333,0.1111111111111111,1.0,4.0,1.0,0.0175
159943,3,1,2,8,489,2.0,0.0,0.0,0.0,0.0,3.0,,0.0,0.0,,,,
160476,1,2,2,8,545,37.0,11.0,1.0,2.0,0.0,71.0,0.18181818181818182,0.05405405405405406,0.028169014084507043,1.0,4.0,1.0,0.0258
160537,3,1,1,8,214,2.0,0.0,0.0,0.0,0.0,2.0,,0.0,0.0,,4.0,1.0,0.0179
160750,1,2,2,8,403,4.0,0.0,0.0,0.0,0.0,7.0,,0.0,0.0,,4.0,1.0,0.0163
161193,3,2,2,8,306,2.0,0.0,0.0,0.0,0.0,2.0,,0.0,0.0,,2.0,0.0,0.0
16141,3,1,1,8,214,1.0,0.0,0.0,0.0,0.0,1.0,,0.0,0.0,,4.0,1.0,0.0314
162333,3,1,-1,8,489,1.0,0.0,0.0,0.0,0.0,5.0,,0.0,0.0,,4.0,1.0,0.0324
162341,3,2,2,8,214,2.0,0.0,0.0,0.0,0.0,2.0,,0.0,0.0,,3.0,0.0,0.0
162498,1,1,1,8,800,14.0,1.0,1.0,0.0,0.0,12.0,0.0,0.0,0.0,,4.0,1.0,0.0075
162658,3,1,2,8,306,5.0,0.0,0.0,0.0,0.0,6.0,,0.0,0.0,,4.0,1.0,0.0404
1628,3,1,2,8,214,2.0,0.0,0.0,0.0,0.0,4.0,,0.0,0.0,,4.0,1.0,0.0428
163774,2,1,2,8,355,2.0,0.0,0.0,0.0,0.0,4.0,,0.0,0.0,,3.0,1.0,0.125
164143,1,1,1,8,800,2.0,0.0,0.0,0.0,0.0,4.0,,0.0,0.0,,1.0,0.0,0.0
164211,1,1,1,8,30,8.0,0.0,0.0,0.0,0.0,12.0,,0.0,0.0,,4.0,1.0,0.0291
164215,1,1,1,8,403,4.0,0.0,0.0,0.0,0.0,5.0,,0.0,0.0,,4.0,1.0,0.0386
164252,1,1,1,8,800,11.0,1.0,0.0,0.0,1.0,12.0,0.0,0.0,0.0,0.0,4.0,1.0,0.0125
164258,3,1,-1,8,214,10.0,0.0,0.0,0.0,0.0,17.0,,0.0,0.0,,4.0,1.0,0.0215
16427,1,2,1,8,885,0.0,1.0,0.0,0.0,0.0,0.0,0.0,,,,1.0,0.0,0.0
164318,3,1,1,8,214,10.0,0.0,0.0,0.0,0.0,10.0,,0.0,0.0,,4.0,1.0,0.0274
164506,3,1,1,8,214,2.0,0.0,0.0,0.0,0.0,4.0,,0.0,0.0,,4.0,0.0,0.0
164544,1,1,2,8,30,13.0,2.0,0.0,1.0,0.0,22.0,0.5,0.07692307692307693,0.045454545454545456,1.0,4.0,1.0,0.0319
165467,-1,1,2,8,244,1.0,0.0,0.0,0.0,0.0,1.0,,0.0,0.0,,3.0,0.0,0.0
166341,3,-1,-1,8,489,0.0,0.0,0.0,0.0,0.0,4.0,,,0.0,,4.0,1.0,0.0255
166354,1,1,2,8,545,15.0,0.0,0.0,0.0,0.0,26.0,,0.0,0.0,,4.0,1.0,0.021
166379,3,1,2,8,214,2.0,1.0,0.0,0.0,0.0,11.0,0.0,0.0,0.0,,4.0,1.0,0.0273
166624,3,1,1,8,489,2.0,0.0,0.0,0.0,0.0,7.0,,0.0,0.0,,3.0,0.0,0.0
166697,3,1,2,8,214,2.0,0.0,0.0,0.0,0.0,3.0,,0.0,0.0,,3.0,1.0,0.0313
166707,3,1,1,8,489,25.0,3.0,0.0,0.0,0.0,22.0,0.0,0.0,0.0,,4.0,1.0,0.0164
166876,1,1,1,8,693,7.0,0.0,1.0,0.0,0.0,10.0,,0.0,0.0,,4.0,1.0,0.0384
166955,1,1,2,8,30,4.0,0.0,0.0,0.0,0.0,4.0,,0.0,0.0,,2.0,0.0,0.0
167184,3,1,2,8,489,2.0,0.0,0.0,0.0,0.0,2.0,,0.0,0.0,,4.0,1.0,0.0179
167310,3,1,1,8,214,2.0,0.0,0.0,0.0,0.0,7.0,,0.0,0.0,,4.0,1.0,0.0118
167980,3,2,2,8,214,2.0,0.0,0.0,0.0,0.0,4.0,,0.0,0.0,,,,
167985,3,2,2,8,214,10.0,0.0,0.0,0.0,0.0,6.0,,0.0,0.0,,3.0,0.0,0.0
168230,3,1,2,8,214,6.0,0.0,0.0,0.0,0.0,3.0,,0.0,0.0,,3.0,1.0,0.0313
168651,3,1,1,8,214,4.0,0.0,0.0,0.0,0.0,5.0,,0.0,0.0,,4.0,1.0,0.0041
169819,3,2,2,8,214,12.0,1.0,0.0,0.0,0.0,22.0,0.0,0.0,0.0,,4.0,1.0,0.031
169883,1,2,1,8,403,4.0,0.0,0.0,0.0,0.0,4.0,,0.0,0.0,,2.0,0.0,0.0
170413,3,-1,2,8,214,2.0,0.0,0.0,0.0,0.0,2.0,,0.0,0.0,,,,
170587,1,1,2,8,885,3.0,0.0,0.0,0.0,0.0,7.0,,0.0,0.0,,3.0,1.0,0.0714
170959,3,1,2,8,214,8.0,0.0,0.0,0.0,0.0,10.0,,0.0,0.0,,4.0,1.0,0.0667
171182,2,1,2,8,812,4.0,0.0,0.0,0.0,0.0,10.0,,0.0,0.0,,2.0,1.0,0.1
17470,1,1,1,8,30,15.0,0.0,0.0,0.0,1.0,12.0,,0.0,0.0,0.0,4.0,1.0,0.0306
17576,2,2,2,8,812,2.0,0.0,0.0,0.0,0.0,4.0,,0.0,0.0,,2.0,0.0,0.0
18024,3,1,1,8,214,4.0,0.0,0.0,0.0,0.0,4.0,,0.0,0.0,,4.0,1.0,0.0385
18103,3,1,1,8,214,1.0,0.0,0.0,0.0,0.0,0.0,,0.0,,,4.0,1.0,0.0212
18412,3,1,1,8,214,28.0,2.0,0.0,0.0,0.0,68.0,0.0,0.0,0.0,,4.0,1.0,0.0211
18611,3,1,1,8,214,6.0,0.0,0.0,0.0,0.0,11.0,,0.0,0.0,,2.0,0.0,0.0
19205,1,2,2,8,658,16.0,1.0,1.0,0.0,0.0,15.0,0.0,0.0,0.0,,,,
19233,-1,-1,1,8,857,2.0,0.0,0.0,0.0,0.0,0.0,,0.0,,,4.0,1.0,0.0665
19960,1,1,2,8,885,3.0,2.0,0.0,0.0,0.0,7.0,0.0,0.0,0.0,,3.0,0.0,0.0
19973,1,2,1,8,658,1.0,0.0,0.0,0.0,0.0,7.0,,0.0,0.0,,4.0,1.0,0.0166
20308,3,1,1,8,306,14.0,1.0,1.0,0.0,0.0,26.0,0.0,0.0,0.0,,4.0,1.0,0.0132
20591,3,2,2,8,214,4.0,0.0,0.0,0.0,0.0,9.0,,0.0,0.0,,,,
20878,1,2,1,8,545,4.0,0.0,0.0,0.0,0.0,5.0,,0.0,0.0,,4.0,1.0,0.0543
21147,1,1,1,8,403,8.0,2.0,0.0,0.0,0.0,13.0,0.0,0.0,0.0,,4.0,1.0,0.0236
21457,3,2,1,8,214,3.0,0.0,0.0,0.0,0.0,7.0,,0.0,0.0,,4.0,1.0,0.0288
21681,2,1,1,8,812,2.0,0.0,0.0,0.0,0.0,2.0,,0.0,0.0,,3.0,1.0,0.0909
21916,3,1,2,8,214,18.0,0.0,0.0,0.0,0.0,13.0,,0.0,0.0,,2.0,0.0,0.0
22030,1,1,2,8,403,4.0,0.0,0.0,0.0,0.0,6.0,,0.0,0.0,,3.0,1.0,0.0588
22387,1,1,1,8,30,1.0,0.0,0.0,0.0,0.0,1.0,,0.0,0.0,,4.0,1.0,0.0537
22499,3,1,2,8,214,2.0,2.0,0.0,1.0,0.0,10.0,0.5,0.5,0.1,1.0,4.0,1.0,0.0236
22876,-1,1,1,8,766,1.0,0.0,0.0,0.0,0.0,2.0,,0.0,0.0,,4.0,1.0,0.0211
24371,1,2,1,8,545,31.0,2.0,0.0,0.0,0.0,55.0,0.0,0.0,0.0,,4.0,1.0,0.0186
24520,3,2,1,8,214,2.0,0.0,0.0,0.0,0.0,4.0,,0.0,0.0,,4.0,1.0,0.0083
24679,1,2,2,8,658,1.0,0.0,0.0,0.0,0.0,11.0,,0.0,0.0,,4.0,1.0,0.0335
25409,3,1,1,8,489,2.0,0.0,0.0,0.0,0.0,4.0,,0.0,0.0,,3.0,0.0,0.0
2582,1,1,1,8,885,1.0,0.0,0.0,0.0,0.0,2.0,,0.0,0.0,,3.0,0.0,0.0
26372,3,1,2,8,489,10.0,0.0,0.0,0.0,0.0,13.0,,0.0,0.0,,4.0,1.0,0.0143
26395,1,1,1,8,658,3.0,0.0,0.0,0.0,0.0,12.0,,0.0,0.0,,3.0,0.0,0.0
2677,1,1,2,8,427,7.0,0.0,0.0,0.0,0.0,16.0,,0.0,0.0,,4.0,1.0,0.0481
27254,1,2,1,8,427,6.0,0.0,0.0,0.0,0.0,9.0,,0.0,0.0,,4.0,1.0,0.0299
276,3,1,2,8,306,24.0,3.0,3.0,0.0,0.0,69.0,0.0,0.0,0.0,,3.0,1.0,0.0294
27858,1,1,2,8,677,2.0,0.0,0.0,0.0,0.0,5.0,,0.0,0.0,,4.0,1.0,0.0303
28096,3,1,2,8,489,1.0,0.0,0.0,0.0,0.0,3.0,,0.0,0.0,,4.0,1.0,0.0311
281,3,1,1,8,214,6.0,0.0,0.0,0.0,0.0,9.0,,0.0,0.0,,4.0,0.0,0.0
28754,3,2,2,8,214,2.0,0.0,0.0,0.0,0.0,5.0,,0.0,0.0,,2.0,0.0,0.0
29593,1,2,2,8,545,2.0,0.0,0.0,0.0,0.0,4.0,,0.0,0.0,,3.0,1.0,0.0435
30460,1,2,2,8,800,4.0,0.0,0.0,0.0,0.0,6.0,,0.0,0.0,,2.0,0.0,0.0
3067,1,1,1,8,693,4.0,0.0,0.0,0.0,0.0,6.0,,0.0,0.0,,4.0,1.0,0.0423
312,3,-1,2,8,214,0.0,0.0,0.0,0.0,0.0,1.0,,,0.0,,1.0,0.0,0.0
31628,3,1,2,8,214,1.0,0.0,0.0,0.0,0.0,1.0,,0.0,0.0,,4.0,1.0,0.0576
31662,1,1,1,8,545,26.0,1.0,0.0,0.0,1.0,25.0,0.0,0.0,0.0,0.0,4.0,1.0,0.0199
3205,3,2,1,8,214,2.0,0.0,0.0,0.0,0.0,5.0,,0.0,0.0,,3.0,0.0,0.0
32361,1,-1,-1,8,885,0.0,0.0,0.0,0.0,0.0,32.0,,,0.0,,4.0,1.0,0.0225
32465,3,1,2,8,489,26.0,2.0,1.0,0.0,0.0,47.0,0.0,0.0,0.0,,4.0,1.0,0.0187
32774,3,-1,1,8,489,4.0,0.0,0.0,0.0,0.0,14.0,,0.0,0.0,,4.0,1.0,0.0641
33445,3,1,2,8,489,6.0,0.0,0.0,0.0,0.0,5.0,,0.0,0.0,,4.0,1.0,0.013999999999999999
34186,-1,-1,1,8,484,2.0,0.0,0.0,0.0,0.0,3.0,,0.0,0.0,,,,
34314,1,1,2,8,545,3.0,0.0,0.0,0.0,0.0,3.0,,0.0,0.0,,4.0,1.0,0.0115
3448,1,-1,-1,8,885,8.0,0.0,0.0,0.0,0.0,6.0,,0.0,0.0,,4.0,1.0,0.0176
34697,3,2,1,8,214,4.0,0.0,0.0,0.0,0.0,4.0,,0.0,0.0,,4.0,1.0,0.0331
36240,3,1,2,8,489,2.0,0.0,0.0,0.0,0.0,2.0,,0.0,0.0,,3.0,0.0,0.0
36307,3,1,2,8,306,24.0,3.0,2.0,1.0,0.0,34.0,0.3333333333333333,0.041666666666666664,0.029411764705882353,1.0,4.0,1.0,0.0221
37638,3,1,1,8,306,1.0,1.0,1.0,0.0,0.0,2.0,0.0,0.0,0.0,,4.0,1.0,0.0329
37931,2,1,2,8,623,0.0,0.0,1.0,0.0,1.0,0.0,,,,0.0,2.0,0.0,0.0
37957,3,2,1,8,489,29.0,2.0,0.0,0.0,0.0,37.0,0.0,0.0,0.0,,4.0,1.0,0.0183
37995,1,2,1,8,30,8.0,0.0,0.0,0.0,0.0,15.0,,0.0,0.0,,4.0,1.0,0.0413
38222,3,2,2,8,489,4.0,1.0,1.0,0.0,1.0,8.0,0.0,0.0,0.0,0.0,4.0,1.0,0.0167
38594,-1,1,2,8,244,2.0,0.0,1.0,0.0,1.0,3.0,,0.0,0.0,0.0,3.0,1.0,0.0222
38639,1,1,2,8,800,4.0,0.0,1.0,0.0,0.0,27.0,,0.0,0.0,,4.0,1.0,0.0374
3882,3,1,1,8,489,2.0,0.0,0.0,0.0,0.0,4.0,,0.0,0.0,,3.0,0.0,0.0
38955,3,1,2,8,214,1.0,0.0,0.0,0.0,0.0,3.0,,0.0,0.0,,4.0,1.0,0.0648
3919,1,1,1,8,800,1.0,0.0,0.0,0.0,0.0,1.0,,0.0,0.0,,4.0,1.0,0.0278
39253,1,1,1,8,403,6.0,0.0,0.0,0.0,0.0,12.0,,0.0,0.0,,4.0,1.0,0.0241
39425,3,1,-1,8,214,13.0,1.0,0.0,0.0,0.0,20.0,0.0,0.0,0.0,,4.0,1.0,0.03
39625,3,1,-1,8,214,4.0,2.0,0.0,0.0,0.0,6.0,0.0,0.0,0.0,,4.0,1.0,0.023
40336,1,1,2,8,545,34.0,6.0,1.0,2.0,0.0,53.0,0.3333333333333333,0.058823529411764705,0.03773584905660377,1.0,4.0,1.0,0.0132
41101,1,2,2,8,658,7.0,0.0,0.0,0.0,0.0,19.0,,0.0,0.0,,4.0,1.0,0.0246
41621,3,1,1,8,214,2.0,0.0,0.0,0.0,0.0,3.0,,0.0,0.0,,2.0,0.0,0.0
42199,1,1,1,8,545,14.0,0.0,0.0,0.0,0.0,10.0,,0.0,0.0,,4.0,1.0,0.0215
42721,1,1,2,8,30,2.0,0.0,0.0,0.0,0.0,0.0,,0.0,,,4.0,1.0,0.0152
42940,2,1,2,8,812,3.0,0.0,0.0,0.0,0.0,12.0,,0.0,0.0,,2.0,1.0,0.1667
43062,3,1,2,8,306,5.0,0.0,1.0,0.0,0.0,16.0,,0.0,0.0,,4.0,1.0,0.0343
43443,3,-1,1,8,214,1.0,0.0,0.0,0.0,0.0,1.0,,0.0,0.0,,2.0,0.0,0.0
43449,1,2,1,8,693,2.0,0.0,0.0,0.0,0.0,3.0,,0.0,0.0,,4.0,1.0,0.0496
43855,3,1,2,8,489,8.0,0.0,0.0,0.0,0.0,20.0,,0.0,0.0,,4.0,1.0,0.0294
44629,3,-1,1,8,489,2.0,0.0,0.0,0.0,0.0,3.0,,0.0,0.0,,4.0,1.0,0.0441
44854,1,1,1,8,30,25.0,1.0,2.0,0.0,0.0,32.0,0.0,0.0,0.0,,4.0,1.0,0.0266
45034,1,1,1,8,545,2.0,0.0,0.0,0.0,0.0,2.0,,0.0,0.0,,,,
46676,1,-1,1,8,885,4.0,0.0,0.0,0.0,0.0,6.0,,0.0,0.0,,4.0,1.0,0.0351
46990,1,1,2,8,403,13.0,1.0,0.0,0.0,0.0,30.0,0.0,0.0,0.0,,4.0,1.0,0.0335
47107,3,1,-1,8,214,3.0,1.0,1.0,0.0,0.0,11.0,0.0,0.0,0.0,,4.0,1.0,0.0284
47193,1,2,1,8,403,6.0,0.0,0.0,0.0,0.0,10.0,,0.0,0.0,,4.0,1.0,0.0223
47290,1,2,2,8,403,4.0,0.0,0.0,0.0,0.0,4.0,,0.0,0.0,,3.0,1.0,0.0556
47895,3,-1,2,8,489,10.0,0.0,1.0,0.0,0.0,21.0,,0.0,0.0,,4.0,1.0,0.0176
48554,2,1,2,8,812,13.0,0.0,0.0,0.0,0.0,27.0,,0.0,0.0,,,,
4856,3,1,2,8,214,1.0,0.0,0.0,0.0,0.0,1.0,,0.0,0.0,,1.0,0.0,0.0
48895,3,2,1,8,489,16.0,0.0,0.0,0.0,0.0,30.0,,0.0,0.0,,4.0,1.0,0.0153
49126,1,2,2,8,427,4.0,0.0,0.0,0.0,0.0,8.0,,0.0,0.0,,4.0,1.0,0.0263
49178,1,2,2,8,545,10.0,4.0,0.0,0.0,0.0,20.0,0.0,0.0,0.0,,3.0,0.0,0.0
49367,1,1,2,8,545,5.0,1.0,0.0,0.0,0.0,12.0,0.0,0.0,0.0,,4.0,1.0,0.0235
499,3,1,2,8,214,2.0,0.0,0.0,0.0,0.0,4.0,,0.0,0.0,,3.0,1.0,0.0417
50688,3,1,1,8,306,23.0,2.0,0.0,0.0,0.0,23.0,0.0,0.0,0.0,,4.0,1.0,0.0225
51429,-1,2,2,8,244,4.0,0.0,0.0,0.0,0.0,6.0,,0.0,0.0,,4.0,0.0,0.0
51670,1,1,1,8,658,4.0,1.0,0.0,0.0,0.0,6.0,0.0,0.0,0.0,,4.0,1.0,0.0299
51706,1,-1,-1,8,693,2.0,0.0,0.0,0.0,0.0,8.0,,0.0,0.0,,,,
51762,2,2,2,8,812,1.0,0.0,0.0,0.0,0.0,1.0,,0.0,0.0,,2.0,0.0,0.0
52343,3,1,2,8,489,39.0,1.0,0.0,0.0,1.0,73.0,0.0,0.0,0.0,0.0,4.0,1.0,0.0227
52476,3,1,2,8,214,2.0,0.0,0.0,0.0,0.0,8.0,,0.0,0.0,,4.0,1.0,0.0092
53483,3,1,2,8,214,2.0,0.0,0.0,0.0,0.0,6.0,,0.0,0.0,,3.0,0.0,0.0
53658,3,-1,2,8,306,2.0,0.0,0.0,0.0,0.0,2.0,,0.0,0.0,,,,
5484,1,1,2,8,30,2.0,0.0,0.0,0.0,0.0,4.0,,0.0,0.0,,2.0,0.0,0.0
5505,3,1,1,8,214,76.0,2.0,0.0,0.0,0.0,104.0,0.0,0.0,0.0,,4.0,1.0,0.0195
55092,3,1,1,8,306,6.0,0.0,0.0,0.0,1.0,8.0,,0.0,0.0,0.0,4.0,1.0,0.05
55143,1,1,1,8,427,0.0,0.0,0.0,0.0,0.0,4.0,,,0.0,,4.0,1.0,0.0374
55715,1,1,2,8,800,24.0,1.0,1.0,0.0,0.0,23.0,0.0,0.0,0.0,,3.0,0.0,0.0
56234,1,1,2,8,545,2.0,0.0,0.0,0.0,0.0,4.0,,0.0,0.0,,3.0,1.0,0.1923
56423,3,1,1,8,214,1.0,0.0,0.0,0.0,0.0,1.0,,0.0,0.0,,4.0,1.0,0.0128
56792,3,1,1,8,489,2.0,0.0,0.0,0.0,0.0,6.0,,0.0,0.0,,4.0,1.0,0.027999999999999997
57018,1,1,2,8,545,11.0,0.0,0.0,0.0,0.0,21.0,,0.0,0.0,,4.0,1.0,0.0234
57161,3,2,1,8,489,9.0,0.0,1.0,0.0,0.0,14.0,,0.0,0.0,,4.0,1.0,0.0196
57845,3,1,-1,8,214,4.0,0.0,0.0,0.0,0.0,0.0,,0.0,,,4.0,1.0,0.0594
5825,1,1,2,8,885,293.0,28.0,2.0,6.0,0.0,470.0,0.21428571428571427,0.020477815699658702,0.01276595744680851,1.0,4.0,1.0,0.0167
58568,3,2,2,8,214,12.0,0.0,0.0,0.0,0.0,17.0,,0.0,0.0,,4.0,0.0,0.0
58728,1,1,1,8,800,2.0,0.0,0.0,0.0,0.0,3.0,,0.0,0.0,,4.0,1.0,0.0357
59175,1,1,2,8,545,94.0,17.0,0.0,5.0,1.0,142.0,0.29411764705882354,0.05319148936170213,0.035211267605633804,1.0,4.0,1.0,0.0149
59727,1,-1,2,8,800,4.0,0.0,0.0,0.0,0.0,6.0,,0.0,0.0,,2.0,1.0,0.5
59820,2,1,2,8,812,1.0,0.0,0.0,0.0,0.0,1.0,,0.0,0.0,,4.0,1.0,0.0186
60293,2,1,2,8,623,2.0,0.0,0.0,0.0,0.0,3.0,,0.0,0.0,,4.0,1.0,0.0425
60425,-1,2,2,8,244,14.0,0.0,0.0,0.0,2.0,29.0,,0.0,0.0,0.0,4.0,0.0,0.0
60861,3,1,2,8,489,3.0,1.0,0.0,0.0,0.0,3.0,0.0,0.0,0.0,,4.0,1.0,0.0018
60950,3,1,2,8,214,2.0,0.0,0.0,0.0,0.0,4.0,,0.0,0.0,,2.0,0.0,0.0
61226,1,2,1,8,30,18.0,3.0,0.0,1.0,0.0,32.0,0.3333333333333333,0.05555555555555555,0.03125,1.0,4.0,1.0,0.0152
61531,3,1,-1,8,214,8.0,1.0,0.0,0.0,0.0,15.0,0.0,0.0,0.0,,4.0,1.0,0.0144
62085,2,1,2,8,812,2.0,0.0,0.0,0.0,0.0,6.0,,0.0,0.0,,4.0,1.0,0.0253
62164,2,1,2,8,124,2.0,0.0,0.0,0.0,0.0,3.0,,0.0,0.0,,4.0,1.0,0.0721
62351,3,1,1,8,306,15.0,0.0,0.0,0.0,0.0,23.0,,0.0,0.0,,4.0,1.0,0.0202
62872,1,1,1,8,658,1.0,0.0,0.0,0.0,0.0,0.0,,0.0,,,4.0,1.0,0.0083
62877,3,1,1,8,214,2.0,0.0,0.0,0.0,0.0,3.0,,0.0,0.0,,2.0,0.0,0.0
63006,3,1,-1,8,214,79.0,3.0,0.0,0.0,0.0,127.0,0.0,0.0,0.0,,4.0,1.0,0.0243
64467,3,1,1,8,214,2.0,0.0,0.0,0.0,0.0,7.0,,0.0,0.0,,4.0,1.0,0.0296
64974,3,2,2,8,214,1.0,0.0,0.0,0.0,0.0,1.0,,0.0,0.0,,4.0,1.0,0.035
65233,1,2,1,8,800,8.0,0.0,0.0,0.0,0.0,8.0,,0.0,0.0,,4.0,1.0,0.0318
65280,1,1,2,8,800,1.0,0.0,0.0,0.0,0.0,0.0,,0.0,,,4.0,1.0,0.0571
6533,3,2,2,8,214,26.0,1.0,0.0,0.0,0.0,33.0,0.0,0.0,0.0,,4.0,1.0,0.0343
65520,1,1,1,8,30,2.0,0.0,0.0,0.0,0.0,4.0,,0.0,0.0,,4.0,1.0,0.0245
66088,3,1,2,8,214,2.0,0.0,0.0,0.0,0.0,3.0,,0.0,0.0,,4.0,1.0,0.0284
66405,3,1,1,8,306,2.0,0.0,0.0,0.0,0.0,4.0,,0.0,0.0,,4.0,1.0,0.0368
67241,1,1,1,8,658,3.0,0.0,0.0,0.0,0.0,4.0,,0.0,0.0,,4.0,1.0,0.022000000000000002
6754,3,-1,2,8,214,1.0,0.0,0.0,0.0,0.0,2.0,,0.0,0.0,,3.0,0.0,0.0
67829,2,2,2,8,812,2.0,0.0,0.0,0.0,0.0,2.0,,0.0,0.0,,3.0,1.0,0.0417
68615,1,2,1,8,403,41.0,1.0,0.0,0.0,0.0,48.0,0.0,0.0,0.0,,4.0,1.0,0.0272
68767,1,1,1,8,545,17.0,0.0,0.0,0.0,0.0,12.0,,0.0,0.0,,4.0,1.0,0.0113
69209,1,1,1,8,800,3.0,0.0,0.0,0.0,1.0,7.0,,0.0,0.0,0.0,4.0,1.0,0.0168
69355,1,1,1,8,800,10.0,1.0,0.0,0.0,0.0,28.0,0.0,0.0,0.0,,4.0,1.0,0.0311
6998,1,2,2,8,545,1.0,0.0,0.0,0.0,0.0,1.0,,0.0,0.0,,4.0,1.0,0.0305
70352,3,2,2,8,306,3.0,0.0,0.0,0.0,0.0,8.0,,0.0,0.0,,4.0,1.0,0.0192
70353,1,1,2,8,885,2.0,0.0,0.0,0.0,0.0,2.0,,0.0,0.0,,3.0,1.0,0.025
70839,1,1,1,8,545,16.0,0.0,0.0,0.0,0.0,24.0,,0.0,0.0,,4.0,1.0,0.0259
70873,1,2,1,8,693,18.0,0.0,0.0,0.0,1.0,19.0,,0.0,0.0,0.0,4.0,1.0,0.0398
71110,1,1,2,8,658,1.0,0.0,0.0,0.0,0.0,0.0,,0.0,,,4.0,1.0,0.0282
71553,-1,1,2,8,562,0.0,0.0,1.0,0.0,0.0,0.0,,,,,,,
72073,1,1,1,8,403,1.0,1.0,0.0,0.0,0.0,1.0,0.0,0.0,0.0,,4.0,0.0,0.0
72471,3,1,1,8,214,2.0,0.0,0.0,0.0,0.0,5.0,,0.0,0.0,,2.0,0.0,0.0
72767,-1,2,1,8,484,1.0,0.0,0.0,0.0,0.0,3.0,,0.0,0.0,,4.0,1.0,0.0273
72771,1,2,1,8,658,2.0,0.0,0.0,0.0,0.0,3.0,,0.0,0.0,,4.0,1.0,0.0464
72855,3,1,2,8,214,3.0,0.0,0.0,0.0,0.0,1.0,,0.0,0.0,,4.0,1.0,0.0297
73398,3,1,2,8,306,40.0,6.0,0.0,1.0,0.0,70.0,0.16666666666666666,0.025,0.014285714285714285,1.0,4.0,1.0,0.0466
73427,3,2,2,8,214,1.0,0.0,0.0,0.0,0.0,2.0,,0.0,0.0,,3.0,0.0,0.0
73755,1,2,2,8,545,5.0,0.0,0.0,0.0,0.0,8.0,,0.0,0.0,,2.0,0.0,0.0
7431,-1,2,2,8,244,3.0,0.0,0.0,0.0,0.0,3.0,,0.0,0.0,,3.0,1.0,0.0222
74517,1,1,2,8,800,2.0,0.0,1.0,0.0,0.0,2.0,,0.0,0.0,,4.0,1.0,0.0365
74616,3,2,1,8,214,4.0,0.0,0.0,0.0,0.0,5.0,,0.0,0.0,,,,
74782,1,1,2,8,658,3.0,0.0,0.0,0.0,0.0,6.0,,0.0,0.0,,2.0,0.0,0.0
7498,1,1,2,8,885,4.0,1.0,0.0,0.0,0.0,5.0,0.0,0.0,0.0,,4.0,1.0,0.0141
7528,3,1,2,8,214,2.0,0.0,0.0,0.0,0.0,7.0,,0.0,0.0,,3.0,1.0,0.0278
75525,-1,-1,1,8,857,2.0,0.0,0.0,0.0,0.0,0.0,,0.0,,,4.0,1.0,0.0641
75750,2,1,2,8,812,6.0,0.0,0.0,0.0,0.0,5.0,,0.0,0.0,,3.0,1.0,0.0476
75877,1,1,2,8,545,6.0,1.0,0.0,0.0,0.0,10.0,0.0,0.0,0.0,,4.0,1.0,0.0229
76270,1,1,2,8,885,4.0,0.0,0.0,0.0,0.0,9.0,,0.0,0.0,,4.0,1.0,0.0118
76924,1,1,2,8,545,0.0,0.0,0.0,0.0,0.0,8.0,,,0.0,,4.0,1.0,0.0197
77074,2,1,1,8,355,1.0,0.0,0.0,0.0,0.0,3.0,,0.0,0.0,,3.0,0.0,0.0
77488,3,2,2,8,214,2.0,0.0,0.0,0.0,0.0,4.0,,0.0,0.0,,2.0,0.0,0.0
77571,3,2,2,8,489,8.0,1.0,0.0,0.0,0.0,28.0,0.0,0.0,0.0,,4.0,1.0,0.0295
77709,3,1,2,8,214,2.0,0.0,0.0,0.0,0.0,3.0,,0.0,0.0,,3.0,1.0,0.0513
77837,3,1,2,8,214,2.0,0.0,0.0,0.0,0.0,2.0,,0.0,0.0,,4.0,1.0,0.0124
78020,3,1,2,8,214,1.0,0.0,0.0,0.0,0.0,1.0,,0.0,0.0,,3.0,1.0,0.0833
78335,1,2,2,8,30,3.0,0.0,0.0,0.0,0.0,8.0,,0.0,0.0,,4.0,1.0,0.0342
78694,-1,1,2,8,244,49.0,7.0,2.0,1.0,0.0,54.0,0.14285714285714285,0.02040816326530612,0.018518518518518517,1.0,4.0,1.0,0.0184
7881,1,1,2,8,885,1.0,0.0,0.0,0.0,0.0,2.0,,0.0,0.0,,4.0,1.0,0.0305
79106,2,2,2,8,623,3.0,0.0,0.0,0.0,0.0,7.0,,0.0,0.0,,4.0,1.0,0.0317
79520,3,1,1,8,489,7.0,0.0,1.0,0.0,0.0,10.0,,0.0,0.0,,4.0,1.0,0.0184
79636,3,1,2,8,489,12.0,1.0,0.0,0.0,0.0,13.0,0.0,0.0,0.0,,4.0,1.0,0.0215
80030,1,1,2,8,693,19.0,0.0,0.0,0.0,1.0,18.0,,0.0,0.0,0.0,4.0,1.0,0.0201
80462,1,2,1,8,30,10.0,0.0,0.0,0.0,0.0,14.0,,0.0,0.0,,4.0,1.0,0.039
80704,-1,2,1,8,717,1.0,0.0,0.0,0.0,0.0,2.0,,0.0,0.0,,4.0,1.0,0.0769
80872,3,1,1,8,214,2.0,0.0,0.0,0.0,0.0,0.0,,0.0,,,4.0,1.0,0.0365
81462,3,2,2,8,489,12.0,0.0,0.0,0.0,0.0,18.0,,0.0,0.0,,4.0,1.0,0.0069
81495,2,2,2,8,812,2.0,0.0,0.0,0.0,0.0,3.0,,0.0,0.0,,4.0,0.0,0.0
8155,1,-1,1,8,800,1.0,0.0,0.0,0.0,0.0,0.0,,0.0,,,4.0,1.0,0.0642
81595,3,2,1,8,214,0.0,1.0,0.0,0.0,0.0,0.0,0.0,,,,3.0,0.0,0.0
81708,3,1,1,8,489,11.0,2.0,0.0,0.0,0.0,11.0,0.0,0.0,0.0,,4.0,1.0,0.0202
81733,-1,-1,1,8,857,2.0,0.0,0.0,0.0,0.0,0.0,,0.0,,,3.0,1.0,0.0909
81848,3,2,1,8,214,1.0,0.0,0.0,0.0,0.0,1.0,,0.0,0.0,,3.0,1.0,0.0714
83048,3,2,-1,8,214,0.0,1.0,0.0,0.0,0.0,2.0,0.0,,0.0,,3.0,0.0,0.0
83144,1,1,2,8,693,2.0,0.0,0.0,0.0,0.0,0.0,,0.0,,,4.0,1.0,0.0435
83384,3,2,2,8,306,2.0,0.0,0.0,0.0,0.0,4.0,,0.0,0.0,,3.0,0.0,0.0
84389,3,1,2,8,489,10.0,1.0,0.0,0.0,0.0,16.0,0.0,0.0,0.0,,4.0,1.0,0.0197
84409,1,2,1,8,800,12.0,2.0,0.0,0.0,0.0,24.0,0.0,0.0,0.0,,4.0,1.0,0.0243
8466,1,2,2,8,545,2.0,0.0,0.0,0.0,0.0,2.0,,0.0,0.0,,4.0,1.0,0.0444
84875,1,2,1,8,30,4.0,0.0,0.0,0.0,0.0,7.0,,0.0,0.0,,4.0,1.0,0.0592
85557,1,1,2,8,800,4.0,0.0,0.0,0.0,0.0,5.0,,0.0,0.0,,4.0,1.0,0.0282
85719,1,1,1,8,800,4.0,0.0,0.0,0.0,0.0,6.0,,0.0,0.0,,4.0,0.0,0.0
86521,1,1,1,8,403,4.0,0.0,0.0,0.0,0.0,6.0,,0.0,0.0,,4.0,1.0,0.0407
86619,3,1,1,8,306,1.0,0.0,0.0,0.0,0.0,2.0,,0.0,0.0,,4.0,1.0,0.0377
86942,3,1,2,8,214,2.0,0.0,0.0,0.0,0.0,8.0,,0.0,0.0,,4.0,1.0,0.0244
87655,1,-1,1,8,30,2.0,0.0,0.0,0.0,0.0,4.0,,0.0,0.0,,,,
88295,3,2,1,8,489,13.0,0.0,0.0,0.0,2.0,24.0,,0.0,0.0,0.0,4.0,1.0,0.016
88422,3,1,2,8,489,2.0,0.0,0.0,0.0,0.0,1.0,,0.0,0.0,,,,
88710,3,1,-1,8,214,2.0,0.0,0.0,0.0,0.0,2.0,,0.0,0.0,,,,
88975,3,1,1,8,214,1.0,0.0,0.0,0.0,0.0,2.0,,0.0,0.0,,4.0,1.0,0.0431
89555,1,1,2,8,677,2.0,0.0,0.0,0.0,0.0,4.0,,0.0,0.0,,3.0,1.0,0.037000000000000005
89802,1,1,2,8,545,2.0,0.0,1.0,0.0,0.0,7.0,,0.0,0.0,,4.0,1.0,0.0121
901,3,2,1,8,214,4.0,0.0,0.0,0.0,0.0,4.0,,0.0,0.0,,4.0,1.0,0.0315
90294,3,1,1,8,214,10.0,1.0,0.0,0.0,0.0,15.0,0.0,0.0,0.0,,4.0,1.0,0.0378
90621,3,1,2,8,306,20.0,1.0,0.0,0.0,0.0,29.0,0.0,0.0,0.0,,4.0,1.0,0.0613
91393,-1,1,2,8,244,14.0,3.0,1.0,0.0,0.0,26.0,0.0,0.0,0.0,,4.0,1.0,0.038
91437,1,-1,1,8,545,4.0,0.0,0.0,0.0,0.0,8.0,,0.0,0.0,,,,
91957,3,1,2,8,214,2.0,0.0,0.0,0.0,0.0,1.0,,0.0,0.0,,4.0,1.0,0.0086
92394,3,1,2,8,306,8.0,1.0,1.0,0.0,0.0,11.0,0.0,0.0,0.0,,3.0,1.0,0.04
92909,1,2,2,8,885,2.0,0.0,0.0,0.0,0.0,2.0,,0.0,0.0,,4.0,1.0,0.0177
9315,-1,2,2,8,244,2.0,0.0,0.0,0.0,0.0,8.0,,0.0,0.0,,4.0,1.0,0.0328
93169,3,1,2,8,214,8.0,0.0,0.0,0.0,0.0,18.0,,0.0,0.0,,4.0,1.0,0.0287
93295,1,2,2,8,30,6.0,0.0,0.0,0.0,0.0,11.0,,0.0,0.0,,4.0,1.0,0.0308
93490,2,1,1,8,812,10.0,0.0,0.0,0.0,0.0,5.0,,0.0,0.0,,3.0,1.0,0.0408
943,3,1,2,8,489,4.0,0.0,0.0,0.0,0.0,8.0,,0.0,0.0,,4.0,1.0,0.0299
94441,3,1,1,8,214,2.0,0.0,0.0,0.0,0.0,3.0,,0.0,0.0,,,,
94482,1,2,1,8,658,1.0,0.0,0.0,0.0,0.0,1.0,,0.0,0.0,,4.0,1.0,0.008
94561,1,1,2,8,885,5.0,1.0,1.0,0.0,0.0,8.0,0.0,0.0,0.0,,4.0,1.0,0.011000000000000001
94704,3,1,2,8,214,6.0,0.0,0.0,0.0,0.0,9.0,,0.0,0.0,,4.0,1.0,0.0363
94944,1,1,2,8,800,20.0,2.0,0.0,0.0,0.0,15.0,0.0,0.0,0.0,,4.0,1.0,0.044000000000000004
9522,3,-1,-1,8,214,2.0,0.0,0.0,0.0,0.0,6.0,,0.0,0.0,,1.0,0.0,0.0
95327,1,-1,1,8,800,1.0,0.0,0.0,0.0,0.0,2.0,,0.0,0.0,,2.0,0.0,0.0
95735,1,1,1,8,427,1.0,0.0,0.0,0.0,0.0,5.0,,0.0,0.0,,4.0,1.0,0.0581
95850,1,1,1,8,800,2.0,0.0,0.0,0.0,0.0,3.0,,0.0,0.0,,4.0,1.0,0.1145
96112,1,2,1,8,403,3.0,0.0,1.0,0.0,0.0,10.0,,0.0,0.0,,4.0,1.0,0.0291
9702,1,1,1,8,693,13.0,0.0,0.0,0.0,0.0,19.0,,0.0,0.0,,4.0,1.0,0.0308
97025,1,1,2,8,885,14.0,0.0,1.0,0.0,0.0,27.0,,0.0,0.0,,4.0,1.0,0.0207
97097,-1,1,2,8,244,1.0,0.0,0.0,0.0,0.0,1.0,,0.0,0.0,,4.0,1.0,0.0315
97536,2,1,2,8,655,4.0,0.0,0.0,0.0,0.0,6.0,,0.0,0.0,,2.0,0.0,0.0
98253,3,1,2,8,306,7.0,0.0,0.0,0.0,0.0,9.0,,0.0,0.0,,3.0,0.0,0.0
