user_id,age,sex,user_lv_cd,browse_num,addcart_num,delcart_num,buy_num,favor_num,click_num,buy_addcart_ratio,buy_browse_ratio,buy_click_ratio,buy_favor_ratio
200002,-1,0.0,1,4.0,0.0,0.0,0.0,0.0,12.0,,0.0,0.0,
200209,3,2.0,2,1.0,0.0,0.0,0.0,0.0,1.0,,0.0,0.0,
200233,3,0.0,3,18.0,3.0,0.0,0.0,0.0,26.0,0.0,0.0,0.0,
200242,5,0.0,5,6.0,0.0,1.0,0.0,0.0,4.0,,0.0,0.0,
200278,2,2.0,3,4.0,0.0,0.0,0.0,0.0,6.0,,0.0,0.0,
200348,5,2.0,2,2.0,0.0,1.0,0.0,0.0,5.0,,0.0,0.0,
200471,3,0.0,5,26.0,2.0,0.0,1.0,0.0,52.0,0.5,0.038461538461538464,0.019230769230769232,1.0
200475,-1,0.0,5,10.0,1.0,0.0,0.0,0.0,28.0,0.0,0.0,0.0,
200535,4,2.0,3,36.0,4.0,0.0,0.0,0.0,47.0,0.0,0.0,0.0,
200626,4,2.0,5,2.0,0.0,0.0,1.0,0.0,6.0,1.0,0.5,0.16666666666666666,1.0
200642,4,2.0,5,2.0,0.0,0.0,0.0,0.0,8.0,,0.0,0.0,
200712,4,2.0,3,14.0,0.0,0.0,0.0,0.0,23.0,,0.0,0.0,
200719,5,2.0,3,2.0,1.0,0.0,0.0,0.0,5.0,0.0,0.0,0.0,
200860,2,2.0,3,2.0,0.0,0.0,0.0,0.0,4.0,,0.0,0.0,
200938,3,1.0,5,4.0,0.0,0.0,0.0,0.0,8.0,,0.0,0.0,
201028,4,2.0,3,8.0,5.0,2.0,0.0,0.0,15.0,0.0,0.0,0.0,
201106,4,0.0,4,8.0,0.0,0.0,0.0,0.0,7.0,,0.0,0.0,
201182,3,2.0,3,14.0,0.0,0.0,0.0,0.0,18.0,,0.0,0.0,
201255,3,2.0,5,4.0,0.0,1.0,0.0,1.0,6.0,,0.0,0.0,0.0
201298,2,2.0,2,2.0,0.0,0.0,0.0,0.0,0.0,,0.0,,
201323,3,0.0,5,2.0,0.0,0.0,0.0,0.0,5.0,,0.0,0.0,
201332,3,0.0,5,14.0,1.0,0.0,0.0,0.0,26.0,0.0,0.0,0.0,
201371,2,2.0,3,8.0,0.0,0.0,0.0,0.0,23.0,,0.0,0.0,
201441,3,0.0,5,4.0,0.0,0.0,0.0,0.0,8.0,,0.0,0.0,
201594,3,2.0,4,16.0,0.0,0.0,0.0,0.0,21.0,,0.0,0.0,
201925,3,2.0,4,2.0,0.0,0.0,0.0,0.0,8.0,,0.0,0.0,
202324,4,0.0,4,19.0,1.0,0.0,0.0,1.0,32.0,0.0,0.0,0.0,0.0
202357,3,2.0,3,2.0,0.0,0.0,0.0,0.0,5.0,,0.0,0.0,
202429,4,0.0,3,8.0,0.0,0.0,0.0,0.0,6.0,,0.0,0.0,
202552,2,0.0,4,0.0,0.0,0.0,0.0,0.0,2.0,,,0.0,
202700,4,0.0,2,8.0,0.0,1.0,0.0,0.0,14.0,,0.0,0.0,
202761,4,2.0,3,8.0,2.0,0.0,1.0,0.0,13.0,0.5,0.125,0.07692307692307693,1.0
203032,-1,2.0,1,6.0,0.0,0.0,0.0,0.0,10.0,,0.0,0.0,
203074,5,2.0,2,1.0,0.0,0.0,0.0,0.0,0.0,,0.0,,
203137,4,0.0,5,6.0,0.0,0.0,0.0,0.0,9.0,,0.0,0.0,
203139,3,0.0,5,1.0,0.0,0.0,0.0,0.0,2.0,,0.0,0.0,
203205,4,1.0,2,8.0,1.0,0.0,1.0,0.0,11.0,1.0,0.125,0.09090909090909091,1.0
203217,3,2.0,2,7.0,1.0,0.0,0.0,0.0,0.0,0.0,0.0,,
203360,4,2.0,3,26.0,2.0,0.0,0.0,0.0,31.0,0.0,0.0,0.0,
203395,3,0.0,4,4.0,0.0,0.0,0.0,0.0,7.0,,0.0,0.0,
203425,3,2.0,4,3.0,0.0,0.0,0.0,0.0,0.0,,0.0,,
203435,3,2.0,3,18.0,2.0,0.0,0.0,0.0,64.0,0.0,0.0,0.0,
203540,3,2.0,3,1.0,1.0,0.0,0.0,0.0,4.0,0.0,0.0,0.0,
203632,2,2.0,2,18.0,0.0,0.0,0.0,0.0,18.0,,0.0,0.0,
203634,4,2.0,3,10.0,2.0,0.0,0.0,0.0,26.0,0.0,0.0,0.0,
203908,3,2.0,2,32.0,0.0,1.0,0.0,0.0,36.0,,0.0,0.0,
204041,4,2.0,5,2.0,2.0,0.0,0.0,0.0,0.0,0.0,0.0,,
204151,3,2.0,3,2.0,0.0,0.0,0.0,0.0,8.0,,0.0,0.0,
204250,-1,2.0,1,2.0,0.0,0.0,0.0,0.0,3.0,,0.0,0.0,
204282,4,1.0,3,4.0,1.0,0.0,0.0,0.0,1.0,0.0,0.0,0.0,
204492,2,2.0,3,6.0,2.0,0.0,1.0,0.0,5.0,0.5,0.16666666666666666,0.2,1.0
204624,4,0.0,4,2.0,0.0,0.0,0.0,0.0,9.0,,0.0,0.0,
204630,3,0.0,5,6.0,0.0,0.0,0.0,0.0,7.0,,0.0,0.0,
204641,3,1.0,5,4.0,0.0,0.0,0.0,0.0,8.0,,0.0,0.0,
204719,4,2.0,2,2.0,0.0,0.0,0.0,0.0,5.0,,0.0,0.0,
204962,3,2.0,3,1.0,0.0,0.0,0.0,0.0,2.0,,0.0,0.0,
205131,6,2.0,2,22.0,3.0,0.0,0.0,0.0,33.0,0.0,0.0,0.0,
205249,3,0.0,5,2.0,1.0,0.0,0.0,0.0,3.0,0.0,0.0,0.0,
205337,3,2.0,3,5.0,1.0,0.0,1.0,0.0,33.0,1.0,0.2,0.030303030303030304,1.0
205515,2,0.0,4,2.0,0.0,0.0,0.0,0.0,3.0,,0.0,0.0,
205637,4,2.0,5,8.0,0.0,0.0,0.0,0.0,6.0,,0.0,0.0,
205824,4,2.0,5,20.0,2.0,0.0,0.0,0.0,23.0,0.0,0.0,0.0,
205890,3,0.0,5,4.0,0.0,0.0,0.0,0.0,4.0,,0.0,0.0,
205991,5,0.0,5,4.0,1.0,0.0,0.0,0.0,4.0,0.0,0.0,0.0,
206284,5,0.0,4,0.0,5.0,0.0,0.0,0.0,0.0,0.0,,,
206335,4,1.0,3,6.0,0.0,0.0,0.0,0.0,7.0,,0.0,0.0,
206395,2,0.0,3,6.0,0.0,0.0,0.0,0.0,14.0,,0.0,0.0,
206584,4,2.0,2,8.0,0.0,0.0,0.0,0.0,19.0,,0.0,0.0,
206607,4,2.0,3,1.0,0.0,0.0,0.0,0.0,0.0,,0.0,,
206615,5,2.0,2,5.0,0.0,0.0,0.0,0.0,6.0,,0.0,0.0,
206649,5,2.0,3,5.0,3.0,2.0,0.0,0.0,8.0,0.0,0.0,0.0,
206656,4,0.0,2,32.0,1.0,0.0,1.0,0.0,31.0,1.0,0.03125,0.03225806451612903,1.0
206657,4,2.0,3,2.0,1.0,0.0,0.0,0.0,5.0,0.0,0.0,0.0,
206782,6,2.0,5,2.0,1.0,0.0,0.0,0.0,5.0,0.0,0.0,0.0,
206798,3,0.0,5,2.0,0.0,0.0,0.0,0.0,3.0,,0.0,0.0,
207081,3,0.0,5,18.0,2.0,0.0,1.0,0.0,29.0,0.5,0.05555555555555555,0.034482758620689655,1.0
207120,3,0.0,5,2.0,0.0,0.0,0.0,0.0,4.0,,0.0,0.0,
207490,3,2.0,5,0.0,0.0,0.0,0.0,0.0,5.0,,,0.0,
207505,3,2.0,5,10.0,0.0,0.0,0.0,0.0,12.0,,0.0,0.0,
207684,4,0.0,5,18.0,1.0,0.0,1.0,0.0,34.0,1.0,0.05555555555555555,0.029411764705882353,1.0
207720,4,2.0,5,2.0,0.0,1.0,0.0,0.0,3.0,,0.0,0.0,
207752,3,2.0,4,3.0,0.0,0.0,0.0,0.0,41.0,,0.0,0.0,
207844,4,1.0,5,2.0,0.0,0.0,0.0,0.0,3.0,,0.0,0.0,
207857,-1,0.0,5,16.0,0.0,0.0,0.0,0.0,22.0,,0.0,0.0,
207873,3,1.0,4,14.0,0.0,0.0,0.0,0.0,15.0,,0.0,0.0,
207985,4,2.0,5,4.0,0.0,0.0,0.0,0.0,10.0,,0.0,0.0,
208078,3,0.0,4,2.0,0.0,0.0,0.0,0.0,4.0,,0.0,0.0,
208095,3,2.0,5,8.0,0.0,0.0,0.0,0.0,10.0,,0.0,0.0,
208103,4,0.0,4,18.0,0.0,0.0,0.0,0.0,24.0,,0.0,0.0,
208108,2,2.0,4,4.0,0.0,0.0,0.0,0.0,4.0,,0.0,0.0,
208110,2,2.0,4,0.0,0.0,0.0,0.0,0.0,1.0,,,0.0,
208266,3,0.0,3,2.0,0.0,0.0,0.0,0.0,0.0,,0.0,,
208372,4,2.0,4,6.0,0.0,0.0,0.0,0.0,9.0,,0.0,0.0,
208396,-1,2.0,4,6.0,2.0,0.0,0.0,0.0,10.0,0.0,0.0,0.0,
208523,3,0.0,5,2.0,0.0,0.0,0.0,0.0,2.0,,0.0,0.0,
208623,3,2.0,5,4.0,0.0,0.0,0.0,0.0,3.0,,0.0,0.0,
208715,5,0.0,4,18.0,0.0,0.0,0.0,0.0,49.0,,0.0,0.0,
208720,4,0.0,5,0.0,0.0,1.0,0.0,0.0,0.0,,,,
208865,3,2.0,4,36.0,3.0,3.0,0.0,0.0,45.0,0.0,0.0,0.0,
208872,4,2.0,5,6.0,0.0,0.0,0.0,0.0,10.0,,0.0,0.0,
208995,4,2.0,4,104.0,0.0,0.0,0.0,0.0,127.0,,0.0,0.0,
209039,4,0.0,5,2.0,0.0,0.0,0.0,0.0,4.0,,0.0,0.0,
209088,4,0.0,4,2.0,0.0,0.0,0.0,0.0,2.0,,0.0,0.0,
209118,3,0.0,4,10.0,1.0,0.0,0.0,0.0,33.0,0.0,0.0,0.0,
209152,3,0.0,4,20.0,2.0,1.0,1.0,0.0,85.0,0.5,0.05,0.011764705882352941,1.0
209180,4,0.0,4,14.0,0.0,0.0,0.0,0.0,38.0,,0.0,0.0,
209264,3,1.0,5,1.0,0.0,0.0,0.0,0.0,2.0,,0.0,0.0,
209278,3,0.0,4,12.0,0.0,0.0,0.0,0.0,15.0,,0.0,0.0,
209322,4,0.0,4,2.0,0.0,0.0,0.0,0.0,2.0,,0.0,0.0,
209377,4,0.0,5,4.0,0.0,0.0,0.0,0.0,11.0,,0.0,0.0,
209390,4,0.0,5,4.0,0.0,0.0,0.0,0.0,5.0,,0.0,0.0,
209445,3,2.0,4,16.0,0.0,0.0,0.0,0.0,46.0,,0.0,0.0,
209511,3,2.0,5,6.0,0.0,0.0,0.0,0.0,7.0,,0.0,0.0,
209526,3,2.0,5,5.0,1.0,0.0,0.0,0.0,11.0,0.0,0.0,0.0,
209665,3,0.0,5,2.0,0.0,0.0,0.0,0.0,4.0,,0.0,0.0,
209691,3,0.0,5,4.0,0.0,0.0,0.0,0.0,6.0,,0.0,0.0,
209770,3,0.0,4,14.0,0.0,0.0,0.0,0.0,23.0,,0.0,0.0,
209863,4,2.0,5,6.0,0.0,0.0,0.0,0.0,6.0,,0.0,0.0,
209984,-1,2.0,5,0.0,1.0,0.0,0.0,0.0,0.0,0.0,,,
210012,3,2.0,4,20.0,0.0,0.0,0.0,0.0,0.0,,0.0,,
210037,3,2.0,4,8.0,1.0,0.0,0.0,0.0,24.0,0.0,0.0,0.0,
210104,4,0.0,5,10.0,0.0,0.0,0.0,0.0,12.0,,0.0,0.0,
210525,4,0.0,5,2.0,0.0,0.0,0.0,0.0,5.0,,0.0,0.0,
210596,4,0.0,4,4.0,0.0,0.0,0.0,0.0,8.0,,0.0,0.0,
210622,3,0.0,4,16.0,1.0,0.0,0.0,0.0,21.0,0.0,0.0,0.0,
210672,3,2.0,5,2.0,0.0,0.0,0.0,0.0,2.0,,0.0,0.0,
210857,3,2.0,5,24.0,0.0,0.0,0.0,0.0,26.0,,0.0,0.0,
210883,2,2.0,3,2.0,0.0,0.0,0.0,0.0,2.0,,0.0,0.0,
210884,4,0.0,4,2.0,0.0,0.0,0.0,0.0,3.0,,0.0,0.0,
210982,3,0.0,5,12.0,1.0,0.0,1.0,0.0,84.0,1.0,0.08333333333333333,0.011904761904761904,1.0
210984,4,2.0,5,18.0,0.0,0.0,0.0,0.0,28.0,,0.0,0.0,
211266,3,0.0,5,0.0,0.0,0.0,0.0,0.0,1.0,,,0.0,
211376,4,2.0,4,4.0,0.0,0.0,0.0,0.0,4.0,,0.0,0.0,
211455,4,2.0,4,4.0,0.0,0.0,0.0,1.0,7.0,,0.0,0.0,0.0
211480,3,0.0,5,2.0,0.0,0.0,0.0,0.0,6.0,,0.0,0.0,
211639,3,0.0,5,2.0,0.0,0.0,0.0,0.0,2.0,,0.0,0.0,
211660,3,0.0,5,2.0,0.0,0.0,0.0,0.0,17.0,,0.0,0.0,
211721,3,0.0,5,2.0,0.0,0.0,0.0,0.0,3.0,,0.0,0.0,
211730,3,0.0,5,21.0,1.0,0.0,0.0,0.0,41.0,0.0,0.0,0.0,
211841,4,0.0,4,6.0,3.0,0.0,0.0,0.0,8.0,0.0,0.0,0.0,
211874,4,2.0,4,10.0,1.0,0.0,0.0,0.0,20.0,0.0,0.0,0.0,
211895,3,2.0,4,18.0,0.0,0.0,0.0,0.0,80.0,,0.0,0.0,
211903,4,0.0,4,20.0,0.0,0.0,0.0,0.0,14.0,,0.0,0.0,
211949,3,2.0,4,1.0,0.0,0.0,0.0,0.0,6.0,,0.0,0.0,
212017,3,2.0,5,4.0,0.0,0.0,0.0,0.0,4.0,,0.0,0.0,
212090,4,0.0,5,22.0,0.0,0.0,0.0,0.0,35.0,,0.0,0.0,
212101,3,2.0,3,6.0,0.0,0.0,0.0,0.0,4.0,,0.0,0.0,
212185,3,0.0,5,6.0,0.0,0.0,0.0,0.0,12.0,,0.0,0.0,
212195,3,2.0,4,16.0,2.0,0.0,0.0,0.0,25.0,0.0,0.0,0.0,
212274,3,0.0,5,2.0,0.0,0.0,0.0,0.0,2.0,,0.0,0.0,
212291,4,0.0,5,4.0,0.0,0.0,0.0,0.0,5.0,,0.0,0.0,
212459,4,0.0,5,5.0,0.0,0.0,0.0,0.0,12.0,,0.0,0.0,
212462,3,1.0,5,16.0,0.0,0.0,0.0,0.0,31.0,,0.0,0.0,
212529,3,2.0,5,2.0,0.0,0.0,0.0,0.0,3.0,,0.0,0.0,
212540,3,2.0,5,8.0,2.0,0.0,0.0,0.0,12.0,0.0,0.0,0.0,
212574,3,2.0,3,3.0,0.0,0.0,0.0,0.0,2.0,,0.0,0.0,
212640,3,0.0,5,1.0,0.0,0.0,0.0,0.0,1.0,,0.0,0.0,
212787,3,0.0,5,12.0,0.0,0.0,0.0,0.0,18.0,,0.0,0.0,
212828,3,0.0,5,10.0,0.0,0.0,0.0,0.0,11.0,,0.0,0.0,
212951,3,2.0,3,6.0,0.0,0.0,0.0,0.0,9.0,,0.0,0.0,
212987,4,0.0,5,1.0,0.0,0.0,0.0,0.0,3.0,,0.0,0.0,
213033,3,0.0,4,12.0,1.0,0.0,0.0,0.0,50.0,0.0,0.0,0.0,
213037,3,0.0,4,18.0,0.0,0.0,0.0,0.0,56.0,,0.0,0.0,
213098,3,0.0,3,26.0,1.0,0.0,0.0,0.0,26.0,0.0,0.0,0.0,
213116,3,0.0,5,20.0,0.0,0.0,0.0,0.0,36.0,,0.0,0.0,
213268,3,1.0,5,22.0,1.0,0.0,0.0,0.0,37.0,0.0,0.0,0.0,
213270,3,2.0,5,24.0,0.0,0.0,0.0,0.0,20.0,,0.0,0.0,
213380,3,2.0,5,2.0,0.0,0.0,0.0,0.0,35.0,,0.0,0.0,
213383,3,0.0,5,2.0,0.0,0.0,0.0,0.0,4.0,,0.0,0.0,
213442,3,0.0,5,4.0,0.0,0.0,1.0,0.0,3.0,1.0,0.25,0.3333333333333333,1.0
213545,4,2.0,3,8.0,0.0,0.0,0.0,0.0,22.0,,0.0,0.0,
213553,2,2.0,4,4.0,0.0,0.0,0.0,0.0,4.0,,0.0,0.0,
213609,3,0.0,5,2.0,0.0,0.0,0.0,0.0,6.0,,0.0,0.0,
213669,3,0.0,5,2.0,0.0,0.0,0.0,0.0,5.0,,0.0,0.0,
213819,3,0.0,5,12.0,1.0,0.0,1.0,0.0,27.0,1.0,0.08333333333333333,0.037037037037037035,1.0
213882,3,0.0,5,4.0,2.0,0.0,0.0,0.0,12.0,0.0,0.0,0.0,
213887,3,2.0,3,2.0,0.0,0.0,0.0,0.0,0.0,,0.0,,
213898,3,0.0,5,8.0,0.0,0.0,0.0,0.0,23.0,,0.0,0.0,
213906,-1,2.0,4,20.0,4.0,0.0,1.0,0.0,35.0,0.25,0.05,0.02857142857142857,1.0
214077,4,0.0,5,2.0,0.0,0.0,0.0,0.0,5.0,,0.0,0.0,
214098,3,0.0,5,60.0,0.0,0.0,0.0,0.0,92.0,,0.0,0.0,
214119,4,0.0,4,2.0,0.0,0.0,0.0,0.0,3.0,,0.0,0.0,
214212,4,0.0,3,6.0,0.0,0.0,0.0,0.0,11.0,,0.0,0.0,
214389,4,1.0,5,2.0,0.0,0.0,0.0,0.0,3.0,,0.0,0.0,
214472,4,0.0,5,0.0,0.0,0.0,0.0,0.0,3.0,,,0.0,
214667,4,2.0,5,2.0,0.0,0.0,0.0,0.0,3.0,,0.0,0.0,
214690,3,0.0,5,6.0,0.0,0.0,0.0,0.0,7.0,,0.0,0.0,
214791,3,0.0,5,4.0,0.0,0.0,0.0,0.0,7.0,,0.0,0.0,
214806,4,2.0,5,4.0,0.0,0.0,0.0,0.0,5.0,,0.0,0.0,
214834,4,0.0,5,10.0,0.0,0.0,0.0,0.0,13.0,,0.0,0.0,
214894,3,0.0,5,6.0,0.0,0.0,0.0,0.0,9.0,,0.0,0.0,
214944,3,1.0,5,4.0,0.0,0.0,0.0,0.0,6.0,,0.0,0.0,
214948,3,2.0,3,2.0,0.0,0.0,0.0,0.0,3.0,,0.0,0.0,
215018,3,0.0,3,1.0,0.0,0.0,0.0,0.0,1.0,,0.0,0.0,
215026,6,2.0,5,5.0,0.0,0.0,0.0,0.0,0.0,,0.0,,
215101,4,2.0,5,1.0,0.0,0.0,0.0,0.0,1.0,,0.0,0.0,
215147,4,0.0,5,1.0,0.0,0.0,0.0,0.0,0.0,,0.0,,
215191,3,0.0,4,2.0,0.0,0.0,0.0,0.0,0.0,,0.0,,
215235,3,0.0,5,2.0,0.0,0.0,0.0,0.0,4.0,,0.0,0.0,
215467,4,0.0,5,1.0,0.0,0.0,0.0,0.0,1.0,,0.0,0.0,
215471,5,0.0,4,2.0,0.0,0.0,0.0,0.0,6.0,,0.0,0.0,
215522,4,0.0,5,10.0,2.0,1.0,0.0,0.0,4.0,0.0,0.0,0.0,
215525,3,2.0,5,2.0,0.0,0.0,0.0,0.0,3.0,,0.0,0.0,
215733,5,0.0,5,10.0,0.0,0.0,0.0,0.0,16.0,,0.0,0.0,
215898,4,0.0,5,8.0,0.0,0.0,0.0,0.0,7.0,,0.0,0.0,
215907,3,0.0,5,24.0,0.0,0.0,0.0,0.0,16.0,,0.0,0.0,
216073,5,2.0,4,6.0,0.0,0.0,0.0,0.0,7.0,,0.0,0.0,
216097,3,0.0,5,4.0,0.0,0.0,0.0,0.0,8.0,,0.0,0.0,
216207,3,0.0,5,18.0,1.0,0.0,0.0,0.0,49.0,0.0,0.0,0.0,
216229,3,0.0,5,4.0,0.0,0.0,0.0,0.0,6.0,,0.0,0.0,
216738,3,0.0,5,5.0,1.0,0.0,0.0,0.0,6.0,0.0,0.0,0.0,
216770,2,0.0,5,2.0,0.0,0.0,0.0,0.0,0.0,,0.0,,
216779,4,0.0,5,2.0,0.0,0.0,0.0,0.0,2.0,,0.0,0.0,
216804,3,0.0,4,2.0,0.0,0.0,0.0,0.0,3.0,,0.0,0.0,
216844,4,2.0,5,2.0,0.0,0.0,0.0,0.0,2.0,,0.0,0.0,
216861,3,0.0,4,22.0,0.0,0.0,0.0,0.0,65.0,,0.0,0.0,
216863,4,0.0,5,2.0,0.0,0.0,0.0,0.0,4.0,,0.0,0.0,
217033,3,0.0,4,46.0,5.0,5.0,0.0,0.0,47.0,0.0,0.0,0.0,
217042,-1,0.0,2,2.0,0.0,0.0,0.0,0.0,3.0,,0.0,0.0,
217091,3,2.0,3,35.0,0.0,0.0,0.0,0.0,67.0,,0.0,0.0,
217237,3,0.0,4,8.0,0.0,0.0,0.0,0.0,10.0,,0.0,0.0,
217347,4,0.0,5,4.0,0.0,1.0,0.0,0.0,7.0,,0.0,0.0,
217349,3,2.0,5,20.0,0.0,0.0,0.0,0.0,19.0,,0.0,0.0,
217357,3,0.0,5,4.0,0.0,0.0,0.0,0.0,6.0,,0.0,0.0,
217416,3,2.0,5,4.0,0.0,0.0,0.0,0.0,7.0,,0.0,0.0,
217436,4,0.0,3,4.0,0.0,0.0,0.0,0.0,11.0,,0.0,0.0,
217496,2,0.0,4,21.0,2.0,0.0,1.0,0.0,25.0,0.5,0.047619047619047616,0.04,1.0
217567,4,0.0,5,3.0,0.0,0.0,0.0,2.0,7.0,,0.0,0.0,0.0
217585,4,0.0,2,1.0,0.0,0.0,0.0,0.0,0.0,,0.0,,
217630,3,0.0,5,2.0,0.0,0.0,0.0,0.0,4.0,,0.0,0.0,
217667,3,0.0,3,1.0,1.0,0.0,1.0,0.0,3.0,1.0,1.0,0.3333333333333333,1.0
217713,3,0.0,3,2.0,0.0,0.0,0.0,0.0,3.0,,0.0,0.0,
217798,4,0.0,4,8.0,0.0,0.0,0.0,0.0,8.0,,0.0,0.0,
217810,3,1.0,5,20.0,3.0,3.0,0.0,0.0,48.0,0.0,0.0,0.0,
217892,3,0.0,5,0.0,0.0,0.0,0.0,0.0,2.0,,,0.0,
217916,3,0.0,5,2.0,0.0,0.0,0.0,0.0,3.0,,0.0,0.0,
217940,4,0.0,5,2.0,0.0,0.0,0.0,0.0,3.0,,0.0,0.0,
217943,3,0.0,4,26.0,0.0,0.0,0.0,6.0,35.0,,0.0,0.0,0.0
218051,2,0.0,5,8.0,0.0,0.0,0.0,0.0,7.0,,0.0,0.0,
218170,4,0.0,5,6.0,0.0,0.0,0.0,0.0,8.0,,0.0,0.0,
218178,2,0.0,5,4.0,2.0,0.0,0.0,0.0,11.0,0.0,0.0,0.0,
218197,4,0.0,5,6.0,0.0,0.0,0.0,0.0,5.0,,0.0,0.0,
218201,3,0.0,5,2.0,0.0,0.0,0.0,0.0,2.0,,0.0,0.0,
218245,3,1.0,4,2.0,0.0,0.0,0.0,0.0,3.0,,0.0,0.0,
218351,3,2.0,5,6.0,0.0,0.0,0.0,0.0,4.0,,0.0,0.0,
218406,3,1.0,3,4.0,0.0,0.0,0.0,0.0,7.0,,0.0,0.0,
218423,3,1.0,5,14.0,0.0,0.0,0.0,0.0,18.0,,0.0,0.0,
218457,4,0.0,5,0.0,3.0,0.0,0.0,0.0,0.0,0.0,,,
218517,3,0.0,5,2.0,0.0,0.0,0.0,0.0,4.0,,0.0,0.0,
218536,3,0.0,5,12.0,1.0,0.0,0.0,0.0,4.0,0.0,0.0,0.0,
218561,4,0.0,4,2.0,0.0,0.0,0.0,0.0,2.0,,0.0,0.0,
218651,3,0.0,5,1.0,0.0,0.0,0.0,0.0,1.0,,0.0,0.0,
218729,3,0.0,5,3.0,0.0,0.0,0.0,0.0,9.0,,0.0,0.0,
218738,3,2.0,5,2.0,0.0,0.0,0.0,0.0,3.0,,0.0,0.0,
218739,3,0.0,4,16.0,1.0,0.0,0.0,0.0,44.0,0.0,0.0,0.0,
218795,2,0.0,4,12.0,0.0,0.0,0.0,0.0,10.0,,0.0,0.0,
218828,3,2.0,5,14.0,2.0,0.0,0.0,0.0,15.0,0.0,0.0,0.0,
218897,3,2.0,5,28.0,1.0,0.0,0.0,0.0,54.0,0.0,0.0,0.0,
218904,3,0.0,5,2.0,0.0,0.0,0.0,0.0,2.0,,0.0,0.0,
218995,3,2.0,4,50.0,0.0,0.0,0.0,0.0,50.0,,0.0,0.0,
219106,3,1.0,4,4.0,0.0,0.0,0.0,0.0,6.0,,0.0,0.0,
219117,3,0.0,5,18.0,0.0,1.0,0.0,0.0,0.0,,0.0,,
219229,3,2.0,4,1.0,0.0,0.0,0.0,0.0,4.0,,0.0,0.0,
219310,-1,0.0,5,6.0,0.0,0.0,0.0,0.0,27.0,,0.0,0.0,
219312,2,0.0,5,3.0,0.0,0.0,0.0,0.0,15.0,,0.0,0.0,
219335,3,2.0,4,5.0,0.0,0.0,0.0,0.0,6.0,,0.0,0.0,
219591,4,0.0,5,8.0,0.0,0.0,0.0,0.0,16.0,,0.0,0.0,
219599,4,0.0,5,2.0,0.0,0.0,0.0,0.0,4.0,,0.0,0.0,
219626,4,0.0,5,2.0,1.0,0.0,0.0,0.0,3.0,0.0,0.0,0.0,
219683,4,2.0,4,18.0,2.0,0.0,0.0,0.0,23.0,0.0,0.0,0.0,
219866,3,0.0,5,16.0,0.0,0.0,0.0,0.0,26.0,,0.0,0.0,
219874,4,2.0,5,2.0,0.0,0.0,0.0,0.0,2.0,,0.0,0.0,
219988,4,1.0,5,18.0,3.0,0.0,0.0,0.0,50.0,0.0,0.0,0.0,
220067,3,2.0,5,4.0,0.0,0.0,0.0,0.0,9.0,,0.0,0.0,
220070,4,0.0,5,2.0,0.0,0.0,0.0,0.0,3.0,,0.0,0.0,
220118,2,2.0,5,54.0,4.0,0.0,0.0,0.0,74.0,0.0,0.0,0.0,
220176,2,0.0,5,4.0,0.0,0.0,0.0,0.0,6.0,,0.0,0.0,
220181,3,2.0,3,1.0,0.0,0.0,0.0,0.0,1.0,,0.0,0.0,
220331,4,0.0,3,2.0,0.0,0.0,0.0,0.0,2.0,,0.0,0.0,
220522,3,2.0,5,2.0,0.0,0.0,0.0,0.0,1.0,,0.0,0.0,
220651,3,2.0,3,1.0,0.0,0.0,0.0,0.0,3.0,,0.0,0.0,
220695,4,0.0,5,6.0,0.0,0.0,0.0,0.0,17.0,,0.0,0.0,
220734,3,0.0,4,4.0,0.0,0.0,1.0,0.0,13.0,1.0,0.25,0.07692307692307693,1.0
220800,3,0.0,5,1.0,1.0,0.0,0.0,0.0,0.0,0.0,0.0,,
221078,4,2.0,4,4.0,2.0,0.0,0.0,0.0,10.0,0.0,0.0,0.0,
221087,3,0.0,5,2.0,0.0,0.0,0.0,0.0,3.0,,0.0,0.0,
221174,4,0.0,5,12.0,0.0,0.0,0.0,2.0,17.0,,0.0,0.0,0.0
221290,2,0.0,5,2.0,0.0,0.0,0.0,0.0,0.0,,0.0,,
221313,2,0.0,4,14.0,0.0,0.0,0.0,0.0,14.0,,0.0,0.0,
221323,3,0.0,5,1.0,0.0,0.0,0.0,0.0,5.0,,0.0,0.0,
221451,3,2.0,5,1.0,0.0,0.0,0.0,0.0,0.0,,0.0,,
221493,5,2.0,4,1.0,0.0,0.0,0.0,0.0,1.0,,0.0,0.0,
221519,4,2.0,4,34.0,0.0,0.0,0.0,0.0,46.0,,0.0,0.0,
221551,4,2.0,4,2.0,0.0,0.0,0.0,0.0,0.0,,0.0,,
221582,-1,2.0,5,14.0,2.0,1.0,1.0,0.0,14.0,0.5,0.07142857142857142,0.07142857142857142,1.0
221616,4,0.0,4,10.0,1.0,0.0,0.0,0.0,11.0,0.0,0.0,0.0,
221664,6,2.0,5,4.0,1.0,0.0,0.0,0.0,12.0,0.0,0.0,0.0,
221671,5,0.0,5,1.0,0.0,0.0,0.0,0.0,2.0,,0.0,0.0,
221773,3,2.0,5,48.0,9.0,0.0,0.0,0.0,66.0,0.0,0.0,0.0,
221784,4,0.0,5,2.0,0.0,0.0,0.0,0.0,4.0,,0.0,0.0,
221995,3,0.0,5,2.0,0.0,0.0,0.0,0.0,1.0,,0.0,0.0,
222002,3,2.0,4,0.0,0.0,0.0,0.0,0.0,2.0,,,0.0,
222198,3,0.0,4,8.0,0.0,0.0,0.0,0.0,8.0,,0.0,0.0,
222222,2,0.0,5,14.0,2.0,0.0,0.0,0.0,21.0,0.0,0.0,0.0,
222448,3,0.0,3,10.0,0.0,0.0,0.0,0.0,40.0,,0.0,0.0,
222547,3,0.0,5,2.0,0.0,0.0,0.0,0.0,3.0,,0.0,0.0,
222594,3,2.0,4,2.0,0.0,0.0,0.0,0.0,0.0,,0.0,,
222633,3,2.0,5,6.0,0.0,0.0,0.0,0.0,0.0,,0.0,,
222752,4,2.0,5,2.0,0.0,0.0,0.0,0.0,2.0,,0.0,0.0,
222773,3,0.0,5,16.0,1.0,0.0,0.0,0.0,34.0,0.0,0.0,0.0,
222870,3,0.0,5,4.0,0.0,0.0,0.0,0.0,4.0,,0.0,0.0,
222880,3,0.0,5,8.0,0.0,0.0,0.0,0.0,8.0,,0.0,0.0,
222908,6,2.0,3,6.0,0.0,0.0,0.0,0.0,0.0,,0.0,,
222956,4,2.0,5,64.0,2.0,1.0,0.0,0.0,81.0,0.0,0.0,0.0,
222965,3,0.0,5,6.0,0.0,0.0,0.0,0.0,5.0,,0.0,0.0,
223035,2,2.0,5,4.0,1.0,0.0,0.0,0.0,3.0,0.0,0.0,0.0,
223048,2,0.0,5,2.0,0.0,0.0,0.0,0.0,5.0,,0.0,0.0,
223241,-1,0.0,4,1.0,0.0,0.0,0.0,0.0,2.0,,0.0,0.0,
223464,-1,2.0,2,4.0,0.0,0.0,0.0,0.0,0.0,,0.0,,
223469,2,0.0,5,4.0,0.0,0.0,0.0,0.0,18.0,,0.0,0.0,
223528,3,2.0,4,28.0,0.0,0.0,0.0,0.0,22.0,,0.0,0.0,
223546,3,2.0,2,4.0,0.0,0.0,0.0,0.0,3.0,,0.0,0.0,
223597,-1,0.0,5,2.0,0.0,0.0,0.0,0.0,4.0,,0.0,0.0,
223622,4,2.0,4,2.0,0.0,0.0,0.0,0.0,5.0,,0.0,0.0,
223666,2,0.0,5,28.0,0.0,0.0,0.0,0.0,29.0,,0.0,0.0,
223915,4,2.0,4,2.0,0.0,0.0,0.0,0.0,7.0,,0.0,0.0,
223936,6,2.0,5,6.0,0.0,0.0,0.0,6.0,29.0,,0.0,0.0,0.0
223985,-1,0.0,5,8.0,0.0,0.0,0.0,0.0,12.0,,0.0,0.0,
223996,3,0.0,4,2.0,0.0,0.0,0.0,0.0,2.0,,0.0,0.0,
224078,3,0.0,5,18.0,0.0,0.0,0.0,0.0,15.0,,0.0,0.0,
224145,3,0.0,5,2.0,0.0,0.0,0.0,0.0,2.0,,0.0,0.0,
224175,3,1.0,5,2.0,0.0,0.0,0.0,0.0,3.0,,0.0,0.0,
224202,3,2.0,4,2.0,0.0,0.0,0.0,0.0,3.0,,0.0,0.0,
224228,-1,0.0,5,4.0,0.0,0.0,0.0,0.0,8.0,,0.0,0.0,
224329,3,2.0,4,2.0,0.0,0.0,0.0,0.0,4.0,,0.0,0.0,
224372,3,2.0,5,2.0,0.0,0.0,0.0,0.0,3.0,,0.0,0.0,
224426,4,0.0,5,4.0,0.0,0.0,0.0,0.0,4.0,,0.0,0.0,
224457,3,0.0,4,2.0,0.0,10.0,0.0,0.0,3.0,,0.0,0.0,
224706,3,0.0,5,12.0,0.0,0.0,0.0,0.0,37.0,,0.0,0.0,
224707,3,2.0,5,3.0,0.0,0.0,0.0,0.0,4.0,,0.0,0.0,
224730,4,0.0,5,0.0,0.0,0.0,0.0,0.0,1.0,,,0.0,
224759,3,0.0,5,10.0,0.0,0.0,0.0,0.0,16.0,,0.0,0.0,
224764,3,2.0,5,2.0,0.0,0.0,0.0,0.0,5.0,,0.0,0.0,
224804,3,2.0,4,2.0,0.0,0.0,0.0,0.0,6.0,,0.0,0.0,
224884,3,0.0,5,0.0,0.0,0.0,0.0,0.0,3.0,,,0.0,
224980,4,0.0,5,6.0,0.0,0.0,0.0,0.0,9.0,,0.0,0.0,
225030,3,0.0,5,4.0,0.0,0.0,0.0,1.0,2.0,,0.0,0.0,0.0
225070,3,0.0,5,2.0,1.0,0.0,1.0,0.0,3.0,1.0,0.5,0.3333333333333333,1.0
225088,3,0.0,5,6.0,0.0,0.0,0.0,0.0,12.0,,0.0,0.0,
225199,4,1.0,5,6.0,1.0,0.0,0.0,0.0,6.0,0.0,0.0,0.0,
225227,3,0.0,5,8.0,1.0,0.0,0.0,0.0,11.0,0.0,0.0,0.0,
225237,3,2.0,3,4.0,0.0,0.0,0.0,0.0,7.0,,0.0,0.0,
225247,3,2.0,3,2.0,0.0,0.0,0.0,0.0,0.0,,0.0,,
225400,3,2.0,4,2.0,0.0,0.0,0.0,0.0,2.0,,0.0,0.0,
225448,4,0.0,5,4.0,0.0,0.0,0.0,0.0,7.0,,0.0,0.0,
225475,3,0.0,5,2.0,0.0,0.0,0.0,0.0,3.0,,0.0,0.0,
225534,2,0.0,5,4.0,0.0,0.0,0.0,0.0,11.0,,0.0,0.0,
225543,4,0.0,5,6.0,0.0,0.0,0.0,0.0,7.0,,0.0,0.0,
225618,3,0.0,5,1.0,0.0,0.0,0.0,0.0,5.0,,0.0,0.0,
225654,3,2.0,4,1.0,0.0,0.0,0.0,0.0,3.0,,0.0,0.0,
225700,3,0.0,5,2.0,0.0,0.0,0.0,0.0,0.0,,0.0,,
225822,3,0.0,5,18.0,1.0,0.0,0.0,0.0,38.0,0.0,0.0,0.0,
225861,3,0.0,4,2.0,0.0,0.0,0.0,0.0,3.0,,0.0,0.0,
225905,3,0.0,5,4.0,0.0,0.0,0.0,0.0,9.0,,0.0,0.0,
225935,3,0.0,5,4.0,0.0,0.0,0.0,0.0,6.0,,0.0,0.0,
225955,-1,0.0,5,2.0,0.0,0.0,0.0,0.0,3.0,,0.0,0.0,
226130,3,0.0,5,5.0,1.0,0.0,0.0,0.0,7.0,0.0,0.0,0.0,
226273,4,0.0,5,6.0,0.0,0.0,0.0,0.0,7.0,,0.0,0.0,
226349,4,2.0,5,4.0,0.0,0.0,0.0,0.0,0.0,,0.0,,
226412,6,0.0,4,22.0,0.0,0.0,0.0,0.0,21.0,,0.0,0.0,
226418,3,0.0,4,0.0,1.0,0.0,0.0,0.0,0.0,0.0,,,
226516,4,0.0,5,10.0,0.0,0.0,0.0,0.0,11.0,,0.0,0.0,
226559,2,0.0,4,0.0,0.0,0.0,0.0,0.0,2.0,,,0.0,
226626,3,2.0,4,14.0,1.0,0.0,0.0,0.0,14.0,0.0,0.0,0.0,
226791,4,0.0,5,22.0,0.0,0.0,1.0,0.0,63.0,1.0,0.045454545454545456,0.015873015873015872,1.0
226879,3,0.0,5,8.0,0.0,0.0,0.0,0.0,14.0,,0.0,0.0,
226933,3,1.0,5,32.0,2.0,0.0,1.0,0.0,59.0,0.5,0.03125,0.01694915254237288,1.0
226964,3,0.0,5,1.0,0.0,0.0,0.0,0.0,1.0,,0.0,0.0,
226973,3,0.0,5,2.0,0.0,0.0,0.0,0.0,0.0,,0.0,,
227138,4,0.0,5,2.0,0.0,0.0,0.0,0.0,2.0,,0.0,0.0,
227212,3,0.0,5,0.0,3.0,0.0,0.0,0.0,0.0,0.0,,,
227242,3,2.0,4,28.0,1.0,0.0,0.0,0.0,21.0,0.0,0.0,0.0,
227269,3,0.0,5,20.0,1.0,0.0,0.0,0.0,24.0,0.0,0.0,0.0,
227292,3,0.0,5,18.0,0.0,0.0,0.0,0.0,42.0,,0.0,0.0,
227298,3,0.0,4,14.0,0.0,0.0,0.0,0.0,17.0,,0.0,0.0,
227309,2,0.0,5,16.0,0.0,0.0,0.0,0.0,21.0,,0.0,0.0,
227401,3,0.0,4,2.0,0.0,0.0,0.0,0.0,4.0,,0.0,0.0,
227620,3,0.0,4,22.0,1.0,0.0,0.0,0.0,25.0,0.0,0.0,0.0,
227633,-1,0.0,4,0.0,0.0,1.0,0.0,0.0,0.0,,,,
227689,2,2.0,4,2.0,0.0,0.0,0.0,0.0,3.0,,0.0,0.0,
227697,3,0.0,5,2.0,0.0,0.0,0.0,0.0,0.0,,0.0,,
227704,3,2.0,3,0.0,1.0,0.0,0.0,0.0,0.0,0.0,,,
227793,3,0.0,5,0.0,0.0,0.0,0.0,0.0,2.0,,,0.0,
227894,4,0.0,5,20.0,0.0,0.0,0.0,0.0,49.0,,0.0,0.0,
227946,3,0.0,3,2.0,0.0,0.0,0.0,0.0,1.0,,0.0,0.0,
228036,3,0.0,4,2.0,0.0,0.0,0.0,0.0,4.0,,0.0,0.0,
228042,3,0.0,4,2.0,0.0,0.0,0.0,0.0,2.0,,0.0,0.0,
228179,4,2.0,4,2.0,0.0,0.0,0.0,0.0,7.0,,0.0,0.0,
228200,-1,0.0,5,4.0,0.0,0.0,0.0,0.0,1.0,,0.0,0.0,
228303,3,0.0,5,4.0,0.0,0.0,0.0,0.0,6.0,,0.0,0.0,
228367,3,0.0,5,2.0,0.0,0.0,0.0,0.0,4.0,,0.0,0.0,
228393,3,0.0,4,6.0,0.0,0.0,0.0,0.0,18.0,,0.0,0.0,
228395,-1,0.0,2,2.0,0.0,0.0,0.0,0.0,7.0,,0.0,0.0,
228427,4,0.0,5,16.0,0.0,0.0,0.0,0.0,15.0,,0.0,0.0,
228528,3,0.0,4,2.0,0.0,0.0,0.0,0.0,0.0,,0.0,,
228546,3,0.0,4,1.0,2.0,0.0,0.0,0.0,2.0,0.0,0.0,0.0,
228672,3,0.0,5,2.0,0.0,0.0,0.0,0.0,3.0,,0.0,0.0,
228692,-1,0.0,4,8.0,1.0,0.0,0.0,0.0,14.0,0.0,0.0,0.0,
228707,3,0.0,5,37.0,3.0,0.0,0.0,0.0,49.0,0.0,0.0,0.0,
228798,3,0.0,5,2.0,0.0,0.0,0.0,0.0,1.0,,0.0,0.0,
228811,3,2.0,5,4.0,0.0,0.0,0.0,0.0,5.0,,0.0,0.0,
228866,3,1.0,5,12.0,1.0,0.0,0.0,0.0,14.0,0.0,0.0,0.0,
228888,3,0.0,5,4.0,0.0,0.0,0.0,0.0,8.0,,0.0,0.0,
228994,3,0.0,5,4.0,0.0,0.0,0.0,0.0,4.0,,0.0,0.0,
229094,4,0.0,5,2.0,0.0,0.0,0.0,0.0,4.0,,0.0,0.0,
229095,3,0.0,5,2.0,0.0,0.0,0.0,0.0,2.0,,0.0,0.0,
229203,3,0.0,5,42.0,1.0,1.0,0.0,0.0,85.0,0.0,0.0,0.0,
229277,3,0.0,5,16.0,0.0,0.0,0.0,0.0,22.0,,0.0,0.0,
229335,4,0.0,4,2.0,0.0,0.0,0.0,0.0,3.0,,0.0,0.0,
229337,2,0.0,5,2.0,0.0,0.0,0.0,0.0,2.0,,0.0,0.0,
229367,3,0.0,5,28.0,2.0,0.0,0.0,0.0,44.0,0.0,0.0,0.0,
229408,4,0.0,5,0.0,0.0,1.0,0.0,0.0,0.0,,,,
229422,3,0.0,4,0.0,0.0,0.0,0.0,0.0,2.0,,,0.0,
229509,2,0.0,5,8.0,0.0,1.0,0.0,0.0,21.0,,0.0,0.0,
229550,3,1.0,5,6.0,0.0,0.0,0.0,0.0,7.0,,0.0,0.0,
229617,3,2.0,5,4.0,0.0,0.0,0.0,0.0,6.0,,0.0,0.0,
229658,3,2.0,5,2.0,0.0,0.0,0.0,0.0,3.0,,0.0,0.0,
229662,4,2.0,4,24.0,0.0,0.0,0.0,0.0,33.0,,0.0,0.0,
229688,3,1.0,5,2.0,0.0,0.0,0.0,0.0,3.0,,0.0,0.0,
229690,4,2.0,4,14.0,0.0,0.0,0.0,0.0,12.0,,0.0,0.0,
229780,4,0.0,4,6.0,0.0,1.0,0.0,0.0,12.0,,0.0,0.0,
229883,4,2.0,5,2.0,0.0,4.0,0.0,0.0,3.0,,0.0,0.0,
229917,3,0.0,3,4.0,0.0,0.0,0.0,0.0,5.0,,0.0,0.0,
229950,3,2.0,4,1.0,0.0,0.0,0.0,0.0,1.0,,0.0,0.0,
229967,3,1.0,4,2.0,0.0,0.0,0.0,0.0,5.0,,0.0,0.0,
230147,4,0.0,4,3.0,1.0,0.0,0.0,0.0,15.0,0.0,0.0,0.0,
230163,-1,0.0,5,2.0,0.0,0.0,0.0,0.0,3.0,,0.0,0.0,
230277,2,0.0,5,14.0,4.0,0.0,0.0,0.0,28.0,0.0,0.0,0.0,
230286,3,0.0,5,38.0,0.0,0.0,0.0,0.0,38.0,,0.0,0.0,
230289,3,0.0,4,2.0,0.0,0.0,0.0,0.0,5.0,,0.0,0.0,
230293,5,0.0,5,2.0,0.0,0.0,0.0,0.0,4.0,,0.0,0.0,
230312,2,0.0,4,2.0,0.0,0.0,0.0,0.0,3.0,,0.0,0.0,
230407,4,0.0,4,0.0,0.0,0.0,0.0,0.0,1.0,,,0.0,
230491,4,2.0,4,10.0,0.0,0.0,0.0,0.0,0.0,,0.0,,
230536,3,2.0,2,16.0,0.0,0.0,0.0,0.0,24.0,,0.0,0.0,
230544,4,0.0,5,16.0,0.0,2.0,0.0,0.0,31.0,,0.0,0.0,
230558,-1,0.0,5,36.0,0.0,0.0,0.0,0.0,52.0,,0.0,0.0,
230561,4,2.0,4,22.0,1.0,0.0,0.0,0.0,24.0,0.0,0.0,0.0,
230578,3,0.0,5,8.0,1.0,0.0,0.0,0.0,12.0,0.0,0.0,0.0,
230678,2,0.0,4,1.0,0.0,0.0,0.0,0.0,2.0,,0.0,0.0,
230741,-1,1.0,5,2.0,0.0,0.0,0.0,0.0,2.0,,0.0,0.0,
230780,3,0.0,5,2.0,0.0,0.0,0.0,0.0,0.0,,0.0,,
230786,4,0.0,5,16.0,2.0,0.0,0.0,0.0,19.0,0.0,0.0,0.0,
230888,6,1.0,5,4.0,0.0,0.0,0.0,0.0,8.0,,0.0,0.0,
230906,4,0.0,5,2.0,0.0,0.0,0.0,0.0,4.0,,0.0,0.0,
230932,3,2.0,3,1.0,0.0,0.0,0.0,0.0,4.0,,0.0,0.0,
231006,3,0.0,5,2.0,0.0,0.0,0.0,0.0,3.0,,0.0,0.0,
231131,4,0.0,5,2.0,0.0,0.0,0.0,0.0,3.0,,0.0,0.0,
231260,4,0.0,5,13.0,4.0,0.0,2.0,0.0,23.0,0.5,0.15384615384615385,0.08695652173913043,1.0
231294,3,0.0,5,10.0,0.0,0.0,0.0,0.0,65.0,,0.0,0.0,
231359,3,2.0,4,4.0,0.0,0.0,0.0,0.0,4.0,,0.0,0.0,
231418,5,0.0,5,2.0,0.0,0.0,0.0,0.0,2.0,,0.0,0.0,
231442,3,2.0,5,10.0,0.0,0.0,0.0,0.0,0.0,,0.0,,
231516,4,0.0,5,4.0,0.0,0.0,0.0,0.0,3.0,,0.0,0.0,
231517,3,0.0,5,1.0,0.0,0.0,0.0,0.0,1.0,,0.0,0.0,
231659,4,0.0,5,2.0,0.0,0.0,0.0,0.0,4.0,,0.0,0.0,
231719,3,1.0,5,20.0,0.0,0.0,0.0,0.0,32.0,,0.0,0.0,
231747,4,0.0,4,8.0,0.0,0.0,0.0,0.0,8.0,,0.0,0.0,
231777,6,0.0,5,14.0,3.0,0.0,2.0,0.0,19.0,0.6666666666666666,0.14285714285714285,0.10526315789473684,1.0
231809,3,0.0,5,4.0,0.0,0.0,0.0,0.0,7.0,,0.0,0.0,
231898,3,2.0,5,0.0,6.0,0.0,0.0,0.0,0.0,0.0,,,
231901,4,2.0,3,8.0,1.0,0.0,0.0,0.0,18.0,0.0,0.0,0.0,
231923,-1,0.0,5,36.0,1.0,0.0,0.0,0.0,64.0,0.0,0.0,0.0,
232002,4,0.0,5,4.0,0.0,0.0,0.0,0.0,6.0,,0.0,0.0,
232032,-1,0.0,5,2.0,0.0,0.0,0.0,0.0,0.0,,0.0,,
232067,2,0.0,5,6.0,0.0,0.0,0.0,0.0,18.0,,0.0,0.0,
232127,4,0.0,5,4.0,1.0,0.0,1.0,0.0,4.0,1.0,0.25,0.25,1.0
232147,3,0.0,5,2.0,0.0,1.0,0.0,0.0,6.0,,0.0,0.0,
232180,3,0.0,5,7.0,0.0,0.0,0.0,0.0,14.0,,0.0,0.0,
232272,3,0.0,5,12.0,0.0,0.0,0.0,0.0,29.0,,0.0,0.0,
232365,4,1.0,5,10.0,0.0,0.0,0.0,0.0,2.0,,0.0,0.0,
232523,3,0.0,3,30.0,2.0,0.0,0.0,0.0,42.0,0.0,0.0,0.0,
232536,3,0.0,4,10.0,1.0,0.0,0.0,0.0,25.0,0.0,0.0,0.0,
232629,3,2.0,5,8.0,0.0,0.0,0.0,0.0,37.0,,0.0,0.0,
232660,4,0.0,5,4.0,0.0,0.0,0.0,0.0,9.0,,0.0,0.0,
232676,-1,2.0,2,4.0,0.0,0.0,0.0,0.0,0.0,,0.0,,
232807,6,2.0,5,6.0,0.0,0.0,0.0,0.0,10.0,,0.0,0.0,
232825,3,2.0,5,4.0,0.0,1.0,0.0,0.0,6.0,,0.0,0.0,
232854,3,2.0,5,4.0,0.0,0.0,0.0,0.0,3.0,,0.0,0.0,
232860,4,0.0,5,2.0,0.0,0.0,0.0,0.0,4.0,,0.0,0.0,
233001,4,0.0,4,2.0,0.0,0.0,0.0,0.0,21.0,,0.0,0.0,
233038,3,0.0,4,4.0,0.0,0.0,0.0,0.0,6.0,,0.0,0.0,
233078,3,0.0,5,34.0,1.0,0.0,0.0,0.0,29.0,0.0,0.0,0.0,
233343,4,2.0,5,0.0,0.0,0.0,0.0,0.0,3.0,,,0.0,
233379,4,2.0,3,18.0,0.0,0.0,0.0,0.0,26.0,,0.0,0.0,
233431,3,0.0,5,2.0,0.0,0.0,0.0,0.0,28.0,,0.0,0.0,
233549,4,0.0,5,1.0,0.0,0.0,0.0,0.0,1.0,,0.0,0.0,
233552,3,0.0,5,6.0,0.0,0.0,0.0,0.0,17.0,,0.0,0.0,
233689,3,0.0,5,2.0,0.0,0.0,0.0,0.0,3.0,,0.0,0.0,
233719,4,0.0,5,2.0,0.0,0.0,0.0,0.0,2.0,,0.0,0.0,
233763,4,2.0,5,16.0,0.0,0.0,0.0,0.0,9.0,,0.0,0.0,
233782,3,1.0,4,7.0,0.0,0.0,0.0,0.0,9.0,,0.0,0.0,
233804,4,1.0,3,0.0,0.0,2.0,0.0,0.0,0.0,,,,
234049,4,0.0,5,1.0,0.0,1.0,0.0,0.0,2.0,,0.0,0.0,
234274,5,0.0,5,3.0,0.0,0.0,0.0,0.0,6.0,,0.0,0.0,
234380,3,0.0,5,4.0,0.0,0.0,0.0,0.0,7.0,,0.0,0.0,
234382,3,0.0,5,8.0,0.0,0.0,0.0,0.0,7.0,,0.0,0.0,
234467,-1,0.0,4,4.0,0.0,0.0,0.0,0.0,2.0,,0.0,0.0,
234551,3,0.0,5,16.0,0.0,0.0,0.0,0.0,35.0,,0.0,0.0,
234571,3,0.0,4,22.0,1.0,0.0,0.0,0.0,13.0,0.0,0.0,0.0,
234590,3,0.0,5,4.0,0.0,0.0,0.0,0.0,6.0,,0.0,0.0,
234605,4,0.0,5,8.0,1.0,0.0,0.0,0.0,19.0,0.0,0.0,0.0,
234660,3,2.0,5,4.0,0.0,0.0,0.0,0.0,9.0,,0.0,0.0,
234734,3,0.0,5,2.0,1.0,2.0,0.0,0.0,4.0,0.0,0.0,0.0,
234752,-1,0.0,5,3.0,1.0,0.0,0.0,0.0,5.0,0.0,0.0,0.0,
234761,4,2.0,4,1.0,0.0,0.0,0.0,0.0,0.0,,0.0,,
234877,3,0.0,5,2.0,0.0,0.0,0.0,0.0,6.0,,0.0,0.0,
234906,3,0.0,5,10.0,0.0,0.0,0.0,0.0,16.0,,0.0,0.0,
234984,5,2.0,4,16.0,0.0,0.0,0.0,0.0,27.0,,0.0,0.0,
235019,-1,0.0,4,2.0,4.0,0.0,1.0,0.0,7.0,0.25,0.5,0.14285714285714285,1.0
235059,4,0.0,5,2.0,0.0,0.0,0.0,0.0,3.0,,0.0,0.0,
235088,4,0.0,5,4.0,0.0,0.0,0.0,0.0,0.0,,0.0,,
235110,3,0.0,5,4.0,1.0,0.0,0.0,0.0,7.0,0.0,0.0,0.0,
235123,4,0.0,5,4.0,0.0,0.0,0.0,0.0,12.0,,0.0,0.0,
235133,3,0.0,5,51.0,4.0,0.0,0.0,1.0,93.0,0.0,0.0,0.0,0.0
235210,4,0.0,5,5.0,0.0,0.0,0.0,0.0,17.0,,0.0,0.0,
235321,3,0.0,4,26.0,3.0,0.0,0.0,0.0,30.0,0.0,0.0,0.0,
235443,3,0.0,5,14.0,0.0,0.0,1.0,0.0,18.0,1.0,0.07142857142857142,0.05555555555555555,1.0
235549,3,0.0,5,10.0,0.0,0.0,0.0,0.0,16.0,,0.0,0.0,
235573,3,0.0,5,2.0,0.0,0.0,0.0,0.0,5.0,,0.0,0.0,
235629,-1,0.0,4,8.0,1.0,0.0,0.0,0.0,15.0,0.0,0.0,0.0,
235721,3,0.0,5,12.0,0.0,0.0,0.0,0.0,6.0,,0.0,0.0,
235737,3,0.0,5,3.0,0.0,0.0,0.0,0.0,15.0,,0.0,0.0,
235754,4,0.0,5,2.0,0.0,0.0,0.0,0.0,5.0,,0.0,0.0,
235772,3,0.0,5,6.0,0.0,0.0,0.0,0.0,8.0,,0.0,0.0,
235807,4,0.0,4,3.0,1.0,0.0,0.0,0.0,7.0,0.0,0.0,0.0,
235813,4,2.0,5,2.0,1.0,0.0,0.0,0.0,10.0,0.0,0.0,0.0,
235857,6,0.0,5,2.0,0.0,0.0,0.0,0.0,3.0,,0.0,0.0,
235901,3,0.0,5,2.0,0.0,0.0,0.0,0.0,4.0,,0.0,0.0,
235980,3,0.0,5,26.0,1.0,0.0,0.0,0.0,36.0,0.0,0.0,0.0,
236019,4,0.0,5,0.0,0.0,0.0,0.0,0.0,3.0,,,0.0,
236026,3,0.0,5,28.0,2.0,0.0,1.0,0.0,32.0,0.5,0.03571428571428571,0.03125,1.0
236033,6,2.0,4,16.0,0.0,0.0,0.0,0.0,45.0,,0.0,0.0,
236133,3,2.0,5,2.0,0.0,0.0,0.0,0.0,3.0,,0.0,0.0,
236152,3,0.0,5,1.0,0.0,0.0,0.0,0.0,2.0,,0.0,0.0,
236164,3,0.0,5,4.0,0.0,0.0,0.0,0.0,4.0,,0.0,0.0,
236229,3,0.0,5,2.0,0.0,0.0,0.0,0.0,4.0,,0.0,0.0,
236238,2,0.0,5,10.0,1.0,1.0,0.0,0.0,17.0,0.0,0.0,0.0,
236251,4,0.0,4,2.0,0.0,0.0,0.0,0.0,2.0,,0.0,0.0,
236278,4,0.0,3,17.0,3.0,2.0,1.0,0.0,16.0,0.3333333333333333,0.058823529411764705,0.0625,1.0
236324,3,0.0,5,2.0,0.0,0.0,0.0,0.0,2.0,,0.0,0.0,
236365,2,0.0,5,4.0,1.0,0.0,1.0,0.0,13.0,1.0,0.25,0.07692307692307693,1.0
236369,3,0.0,4,19.0,0.0,0.0,0.0,0.0,26.0,,0.0,0.0,
236419,3,2.0,5,22.0,1.0,0.0,0.0,0.0,34.0,0.0,0.0,0.0,
236455,3,0.0,4,11.0,0.0,0.0,0.0,0.0,28.0,,0.0,0.0,
236500,3,0.0,5,0.0,0.0,2.0,0.0,0.0,0.0,,,,
236589,4,0.0,4,2.0,0.0,0.0,0.0,0.0,3.0,,0.0,0.0,
236628,4,0.0,5,48.0,6.0,0.0,0.0,0.0,89.0,0.0,0.0,0.0,
236746,3,0.0,5,12.0,0.0,0.0,0.0,0.0,24.0,,0.0,0.0,
236849,4,0.0,5,6.0,1.0,0.0,0.0,0.0,9.0,0.0,0.0,0.0,
236857,3,0.0,3,4.0,0.0,0.0,0.0,0.0,4.0,,0.0,0.0,
236859,6,0.0,5,1.0,0.0,0.0,0.0,0.0,6.0,,0.0,0.0,
236911,4,1.0,4,4.0,1.0,1.0,0.0,0.0,5.0,0.0,0.0,0.0,
236932,4,0.0,5,2.0,2.0,0.0,0.0,0.0,3.0,0.0,0.0,0.0,
237036,3,0.0,5,4.0,0.0,0.0,0.0,0.0,1.0,,0.0,0.0,
237058,4,0.0,5,5.0,0.0,0.0,0.0,0.0,7.0,,0.0,0.0,
237070,3,0.0,5,2.0,0.0,0.0,0.0,0.0,2.0,,0.0,0.0,
237131,4,1.0,5,8.0,0.0,0.0,0.0,0.0,11.0,,0.0,0.0,
237196,4,0.0,5,5.0,0.0,0.0,0.0,0.0,6.0,,0.0,0.0,
237230,4,0.0,5,3.0,0.0,0.0,0.0,0.0,6.0,,0.0,0.0,
237233,3,0.0,4,2.0,0.0,0.0,0.0,0.0,2.0,,0.0,0.0,
237311,2,0.0,3,13.0,2.0,0.0,0.0,0.0,0.0,0.0,0.0,,
237324,2,0.0,5,6.0,0.0,0.0,0.0,0.0,6.0,,0.0,0.0,
237338,3,0.0,5,6.0,0.0,0.0,0.0,0.0,16.0,,0.0,0.0,
237361,-1,0.0,4,6.0,2.0,0.0,0.0,0.0,9.0,0.0,0.0,0.0,
237456,-1,0.0,5,12.0,0.0,0.0,0.0,0.0,14.0,,0.0,0.0,
237641,2,0.0,4,8.0,0.0,0.0,0.0,0.0,17.0,,0.0,0.0,
237743,3,1.0,5,1.0,0.0,0.0,0.0,0.0,3.0,,0.0,0.0,
237855,2,0.0,5,6.0,0.0,0.0,0.0,0.0,4.0,,0.0,0.0,
237858,3,1.0,5,8.0,1.0,0.0,0.0,0.0,4.0,0.0,0.0,0.0,
237915,3,1.0,5,2.0,0.0,0.0,0.0,0.0,3.0,,0.0,0.0,
237927,3,0.0,4,2.0,0.0,0.0,0.0,0.0,3.0,,0.0,0.0,
237985,-1,2.0,4,6.0,2.0,0.0,1.0,0.0,14.0,0.5,0.16666666666666666,0.07142857142857142,1.0
238025,3,0.0,5,1.0,1.0,0.0,0.0,0.0,12.0,0.0,0.0,0.0,
238102,3,0.0,5,2.0,0.0,0.0,0.0,0.0,0.0,,0.0,,
238234,4,0.0,3,22.0,0.0,1.0,0.0,0.0,60.0,,0.0,0.0,
238278,4,0.0,4,22.0,1.0,0.0,1.0,0.0,22.0,1.0,0.045454545454545456,0.045454545454545456,1.0
238429,4,0.0,5,6.0,0.0,0.0,0.0,0.0,9.0,,0.0,0.0,
238440,4,0.0,5,18.0,0.0,0.0,0.0,1.0,14.0,,0.0,0.0,0.0
238505,3,1.0,3,2.0,0.0,0.0,0.0,0.0,0.0,,0.0,,
238510,2,1.0,4,2.0,0.0,0.0,0.0,0.0,3.0,,0.0,0.0,
238578,3,2.0,5,2.0,0.0,0.0,0.0,0.0,3.0,,0.0,0.0,
238597,3,2.0,5,2.0,0.0,0.0,0.0,0.0,4.0,,0.0,0.0,
238645,-1,0.0,5,6.0,0.0,0.0,0.0,0.0,9.0,,0.0,0.0,
238825,-1,2.0,5,8.0,0.0,0.0,0.0,0.0,11.0,,0.0,0.0,
238884,3,0.0,4,2.0,0.0,0.0,0.0,0.0,4.0,,0.0,0.0,
238946,3,0.0,5,12.0,3.0,9.0,0.0,0.0,45.0,0.0,0.0,0.0,
239066,3,2.0,5,7.0,1.0,0.0,0.0,0.0,4.0,0.0,0.0,0.0,
239098,3,0.0,5,9.0,0.0,0.0,0.0,0.0,16.0,,0.0,0.0,
239132,4,0.0,5,36.0,3.0,1.0,0.0,0.0,39.0,0.0,0.0,0.0,
239211,4,0.0,4,16.0,3.0,0.0,0.0,0.0,0.0,0.0,0.0,,
239223,3,0.0,5,26.0,0.0,0.0,0.0,0.0,27.0,,0.0,0.0,
239247,4,0.0,5,2.0,0.0,0.0,0.0,0.0,4.0,,0.0,0.0,
239324,2,0.0,4,10.0,0.0,0.0,0.0,0.0,14.0,,0.0,0.0,
239358,3,0.0,5,18.0,0.0,0.0,0.0,1.0,30.0,,0.0,0.0,0.0
239378,4,0.0,5,1.0,0.0,0.0,0.0,0.0,1.0,,0.0,0.0,
239380,3,0.0,4,4.0,0.0,0.0,0.0,0.0,4.0,,0.0,0.0,
239570,3,0.0,5,6.0,0.0,0.0,0.0,0.0,8.0,,0.0,0.0,
239593,3,1.0,5,12.0,0.0,0.0,0.0,0.0,16.0,,0.0,0.0,
239610,3,0.0,5,2.0,0.0,0.0,0.0,0.0,5.0,,0.0,0.0,
239614,3,0.0,5,8.0,0.0,0.0,0.0,0.0,19.0,,0.0,0.0,
239810,3,0.0,3,2.0,0.0,0.0,0.0,0.0,2.0,,0.0,0.0,
239886,4,0.0,5,10.0,0.0,0.0,0.0,0.0,13.0,,0.0,0.0,
239892,3,0.0,5,7.0,0.0,0.0,0.0,0.0,23.0,,0.0,0.0,
239952,2,0.0,4,4.0,0.0,0.0,0.0,0.0,0.0,,0.0,,
240101,3,0.0,5,12.0,2.0,0.0,0.0,0.0,20.0,0.0,0.0,0.0,
240193,4,0.0,5,2.0,1.0,0.0,2.0,0.0,6.0,1.0,1.0,0.3333333333333333,1.0
240395,4,0.0,5,2.0,0.0,0.0,0.0,0.0,4.0,,0.0,0.0,
240397,3,1.0,5,4.0,0.0,1.0,0.0,0.0,1.0,,0.0,0.0,
240437,3,1.0,5,2.0,0.0,0.0,0.0,0.0,3.0,,0.0,0.0,
240537,3,0.0,4,18.0,1.0,0.0,0.0,0.0,39.0,0.0,0.0,0.0,
240541,3,0.0,5,2.0,0.0,0.0,0.0,0.0,4.0,,0.0,0.0,
240606,3,0.0,5,0.0,0.0,1.0,0.0,0.0,0.0,,,,
240609,3,0.0,5,16.0,1.0,0.0,1.0,0.0,13.0,1.0,0.0625,0.07692307692307693,1.0
240730,3,0.0,5,16.0,0.0,0.0,0.0,0.0,23.0,,0.0,0.0,
240732,3,0.0,5,4.0,0.0,0.0,0.0,0.0,0.0,,0.0,,
240745,4,0.0,5,2.0,0.0,0.0,0.0,0.0,0.0,,0.0,,
240752,3,0.0,5,3.0,0.0,0.0,0.0,0.0,5.0,,0.0,0.0,
240804,4,0.0,5,1.0,0.0,0.0,0.0,0.0,0.0,,0.0,,
240839,4,0.0,5,2.0,0.0,0.0,0.0,0.0,0.0,,0.0,,
240842,3,0.0,4,8.0,1.0,0.0,0.0,0.0,10.0,0.0,0.0,0.0,
240869,3,1.0,5,2.0,0.0,0.0,0.0,0.0,2.0,,0.0,0.0,
240908,5,0.0,5,4.0,0.0,0.0,1.0,0.0,4.0,1.0,0.25,0.25,1.0
240992,3,0.0,5,4.0,0.0,0.0,0.0,0.0,4.0,,0.0,0.0,
241014,-1,0.0,5,1.0,0.0,0.0,0.0,0.0,1.0,,0.0,0.0,
241044,3,2.0,5,24.0,0.0,0.0,0.0,0.0,39.0,,0.0,0.0,
241091,3,2.0,5,12.0,1.0,0.0,0.0,0.0,19.0,0.0,0.0,0.0,
241111,3,0.0,5,1.0,0.0,0.0,0.0,0.0,2.0,,0.0,0.0,
241219,3,0.0,5,8.0,0.0,2.0,0.0,0.0,19.0,,0.0,0.0,
241379,3,0.0,5,2.0,0.0,0.0,0.0,0.0,2.0,,0.0,0.0,
241630,3,0.0,5,10.0,1.0,0.0,0.0,0.0,17.0,0.0,0.0,0.0,
241682,3,0.0,4,6.0,0.0,0.0,0.0,0.0,8.0,,0.0,0.0,
241748,3,0.0,5,2.0,0.0,0.0,0.0,0.0,3.0,,0.0,0.0,
241890,2,0.0,4,8.0,0.0,0.0,0.0,0.0,13.0,,0.0,0.0,
241967,-1,0.0,5,4.0,0.0,2.0,0.0,0.0,7.0,,0.0,0.0,
241999,3,0.0,3,10.0,0.0,0.0,0.0,0.0,5.0,,0.0,0.0,
242047,3,0.0,5,4.0,0.0,0.0,0.0,0.0,6.0,,0.0,0.0,
242048,3,1.0,4,0.0,0.0,0.0,0.0,0.0,1.0,,,0.0,
242052,3,0.0,5,12.0,5.0,0.0,0.0,0.0,0.0,0.0,0.0,,
242160,3,0.0,3,8.0,2.0,1.0,1.0,0.0,10.0,0.5,0.125,0.1,1.0
242175,4,0.0,5,2.0,0.0,0.0,0.0,0.0,2.0,,0.0,0.0,
242242,2,0.0,5,4.0,0.0,0.0,0.0,0.0,10.0,,0.0,0.0,
242322,3,0.0,5,2.0,0.0,0.0,0.0,0.0,3.0,,0.0,0.0,
242554,4,0.0,4,18.0,0.0,0.0,0.0,0.0,20.0,,0.0,0.0,
242582,3,0.0,5,8.0,0.0,0.0,0.0,0.0,14.0,,0.0,0.0,
242586,3,0.0,5,2.0,0.0,0.0,0.0,0.0,2.0,,0.0,0.0,
242632,4,2.0,4,10.0,1.0,0.0,1.0,0.0,31.0,1.0,0.1,0.03225806451612903,1.0
242679,3,0.0,5,4.0,0.0,0.0,0.0,0.0,7.0,,0.0,0.0,
242696,3,0.0,5,6.0,0.0,0.0,0.0,0.0,11.0,,0.0,0.0,
242711,3,0.0,5,3.0,0.0,0.0,0.0,0.0,4.0,,0.0,0.0,
242737,4,0.0,5,2.0,0.0,0.0,0.0,0.0,4.0,,0.0,0.0,
242775,3,0.0,5,12.0,0.0,0.0,0.0,0.0,13.0,,0.0,0.0,
242795,3,0.0,5,16.0,0.0,0.0,0.0,0.0,22.0,,0.0,0.0,
242822,3,2.0,3,2.0,0.0,0.0,0.0,0.0,2.0,,0.0,0.0,
242827,4,0.0,4,20.0,0.0,0.0,0.0,0.0,29.0,,0.0,0.0,
242848,4,0.0,5,30.0,1.0,0.0,0.0,1.0,0.0,0.0,0.0,,0.0
242876,6,0.0,4,2.0,2.0,0.0,0.0,2.0,19.0,0.0,0.0,0.0,0.0
242939,3,1.0,5,1.0,0.0,0.0,0.0,0.0,2.0,,0.0,0.0,
242963,3,0.0,5,6.0,0.0,0.0,0.0,0.0,14.0,,0.0,0.0,
243020,4,0.0,5,14.0,2.0,0.0,0.0,0.0,18.0,0.0,0.0,0.0,
243069,4,0.0,5,2.0,0.0,0.0,0.0,0.0,4.0,,0.0,0.0,
243182,-1,0.0,5,12.0,3.0,0.0,0.0,0.0,21.0,0.0,0.0,0.0,
243218,3,0.0,5,8.0,0.0,0.0,0.0,0.0,2.0,,0.0,0.0,
243223,3,0.0,4,2.0,0.0,0.0,0.0,0.0,2.0,,0.0,0.0,
243283,3,2.0,5,24.0,0.0,0.0,0.0,0.0,19.0,,0.0,0.0,
243307,4,0.0,4,20.0,0.0,0.0,0.0,0.0,24.0,,0.0,0.0,
243310,3,0.0,5,6.0,1.0,0.0,0.0,0.0,5.0,0.0,0.0,0.0,
243321,3,2.0,5,0.0,0.0,2.0,0.0,0.0,0.0,,,,
243381,3,0.0,5,6.0,0.0,0.0,0.0,0.0,6.0,,0.0,0.0,
243411,3,0.0,5,6.0,0.0,0.0,0.0,0.0,9.0,,0.0,0.0,
243462,5,0.0,4,1.0,0.0,0.0,0.0,0.0,0.0,,0.0,,
243583,-1,0.0,4,2.0,0.0,0.0,0.0,0.0,0.0,,0.0,,
243618,3,0.0,5,30.0,1.0,0.0,0.0,0.0,21.0,0.0,0.0,0.0,
243753,3,0.0,5,8.0,0.0,0.0,0.0,0.0,10.0,,0.0,0.0,
243842,4,2.0,3,8.0,0.0,0.0,1.0,0.0,10.0,1.0,0.125,0.1,1.0
243886,6,0.0,4,2.0,0.0,0.0,0.0,0.0,4.0,,0.0,0.0,
243907,3,0.0,5,12.0,0.0,0.0,0.0,0.0,10.0,,0.0,0.0,
243920,3,0.0,5,3.0,1.0,0.0,0.0,0.0,6.0,0.0,0.0,0.0,
243977,3,0.0,4,0.0,0.0,0.0,1.0,0.0,0.0,1.0,1.0,1.0,1.0
243993,2,1.0,5,40.0,0.0,1.0,0.0,1.0,52.0,,0.0,0.0,0.0
244003,3,0.0,5,2.0,0.0,0.0,0.0,0.0,6.0,,0.0,0.0,
244025,3,0.0,5,6.0,1.0,0.0,0.0,0.0,12.0,0.0,0.0,0.0,
244051,3,0.0,3,18.0,0.0,0.0,0.0,0.0,41.0,,0.0,0.0,
244054,3,0.0,5,8.0,2.0,0.0,1.0,0.0,10.0,0.5,0.125,0.1,1.0
244058,4,1.0,5,1.0,0.0,0.0,0.0,0.0,0.0,,0.0,,
244093,3,0.0,5,18.0,0.0,0.0,0.0,1.0,28.0,,0.0,0.0,0.0
244098,4,0.0,5,6.0,0.0,0.0,0.0,0.0,9.0,,0.0,0.0,
244135,3,1.0,3,2.0,0.0,0.0,0.0,0.0,2.0,,0.0,0.0,
244200,4,0.0,3,2.0,0.0,0.0,0.0,0.0,3.0,,0.0,0.0,
244299,4,0.0,5,4.0,1.0,0.0,1.0,0.0,12.0,1.0,0.25,0.08333333333333333,1.0
244336,3,1.0,5,1.0,0.0,0.0,0.0,0.0,0.0,,0.0,,
244543,4,2.0,4,2.0,0.0,0.0,0.0,0.0,2.0,,0.0,0.0,
244545,3,0.0,5,1.0,1.0,0.0,0.0,0.0,12.0,0.0,0.0,0.0,
244559,-1,2.0,5,8.0,0.0,0.0,0.0,0.0,18.0,,0.0,0.0,
244600,5,0.0,5,4.0,0.0,0.0,0.0,0.0,4.0,,0.0,0.0,
244904,-1,0.0,5,0.0,0.0,0.0,0.0,0.0,4.0,,,0.0,
245080,-1,0.0,5,6.0,1.0,0.0,0.0,0.0,6.0,0.0,0.0,0.0,
245189,4,0.0,5,12.0,2.0,0.0,1.0,0.0,18.0,0.5,0.08333333333333333,0.05555555555555555,1.0
245215,-1,2.0,3,28.0,0.0,0.0,0.0,0.0,58.0,,0.0,0.0,
245237,6,0.0,5,2.0,0.0,0.0,0.0,0.0,3.0,,0.0,0.0,
245390,4,0.0,5,4.0,2.0,0.0,1.0,0.0,6.0,0.5,0.25,0.16666666666666666,1.0
245502,4,0.0,4,10.0,1.0,0.0,1.0,0.0,25.0,1.0,0.1,0.04,1.0
245537,2,0.0,4,0.0,1.0,0.0,0.0,0.0,0.0,0.0,,,
245605,3,2.0,5,8.0,0.0,0.0,0.0,0.0,13.0,,0.0,0.0,
245619,2,2.0,4,16.0,0.0,0.0,0.0,0.0,26.0,,0.0,0.0,
245639,3,2.0,5,0.0,0.0,1.0,0.0,0.0,0.0,,,,
245641,3,2.0,4,18.0,0.0,0.0,0.0,0.0,12.0,,0.0,0.0,
245656,3,0.0,5,2.0,1.0,0.0,0.0,0.0,3.0,0.0,0.0,0.0,
245667,3,0.0,5,2.0,0.0,0.0,0.0,0.0,4.0,,0.0,0.0,
245684,4,0.0,5,4.0,0.0,0.0,0.0,0.0,5.0,,0.0,0.0,
245724,-1,1.0,3,2.0,0.0,0.0,0.0,0.0,3.0,,0.0,0.0,
245900,3,2.0,5,12.0,0.0,0.0,1.0,0.0,17.0,1.0,0.08333333333333333,0.058823529411764705,1.0
245951,-1,0.0,4,2.0,0.0,0.0,0.0,0.0,3.0,,0.0,0.0,
245959,-1,2.0,1,1.0,0.0,0.0,0.0,0.0,3.0,,0.0,0.0,
246015,4,2.0,4,1.0,0.0,0.0,0.0,0.0,3.0,,0.0,0.0,
246224,2,0.0,5,6.0,0.0,0.0,0.0,0.0,8.0,,0.0,0.0,
246239,3,2.0,5,16.0,0.0,0.0,0.0,0.0,33.0,,0.0,0.0,
246290,3,2.0,4,24.0,2.0,1.0,1.0,0.0,31.0,0.5,0.041666666666666664,0.03225806451612903,1.0
246387,-1,2.0,5,10.0,0.0,0.0,0.0,0.0,26.0,,0.0,0.0,
246545,-1,2.0,5,10.0,0.0,0.0,0.0,0.0,8.0,,0.0,0.0,
247295,4,2.0,2,2.0,0.0,0.0,0.0,0.0,3.0,,0.0,0.0,
247503,-1,2.0,4,2.0,0.0,0.0,1.0,0.0,10.0,1.0,0.5,0.1,1.0
247537,4,2.0,4,10.0,0.0,0.0,0.0,0.0,20.0,,0.0,0.0,
247623,4,2.0,5,4.0,0.0,0.0,0.0,0.0,3.0,,0.0,0.0,
247689,3,0.0,5,7.0,0.0,0.0,1.0,0.0,13.0,1.0,0.14285714285714285,0.07692307692307693,1.0
247771,3,1.0,4,2.0,0.0,0.0,0.0,0.0,4.0,,0.0,0.0,
247844,-1,0.0,4,6.0,0.0,0.0,0.0,0.0,18.0,,0.0,0.0,
247903,3,0.0,4,6.0,2.0,0.0,0.0,0.0,13.0,0.0,0.0,0.0,
248019,3,2.0,4,48.0,0.0,0.0,0.0,0.0,45.0,,0.0,0.0,
248231,3,2.0,3,14.0,0.0,0.0,0.0,0.0,9.0,,0.0,0.0,
248285,3,0.0,5,10.0,1.0,0.0,0.0,0.0,12.0,0.0,0.0,0.0,
248346,3,2.0,4,5.0,1.0,0.0,1.0,0.0,7.0,1.0,0.2,0.14285714285714285,1.0
248350,3,0.0,5,19.0,0.0,0.0,0.0,0.0,61.0,,0.0,0.0,
248639,3,2.0,5,28.0,0.0,1.0,0.0,0.0,30.0,,0.0,0.0,
248673,3,2.0,4,4.0,0.0,0.0,0.0,0.0,8.0,,0.0,0.0,
248723,-1,0.0,5,4.0,0.0,0.0,0.0,0.0,3.0,,0.0,0.0,
248744,4,2.0,5,6.0,0.0,0.0,0.0,0.0,9.0,,0.0,0.0,
248789,3,2.0,4,2.0,0.0,0.0,0.0,0.0,7.0,,0.0,0.0,
248850,2,1.0,5,2.0,0.0,0.0,0.0,0.0,2.0,,0.0,0.0,
248871,2,0.0,4,0.0,0.0,3.0,0.0,0.0,0.0,,,,
249028,4,0.0,5,8.0,3.0,0.0,0.0,0.0,9.0,0.0,0.0,0.0,
249047,4,2.0,4,4.0,0.0,0.0,0.0,0.0,6.0,,0.0,0.0,
249099,3,0.0,5,2.0,0.0,0.0,0.0,0.0,4.0,,0.0,0.0,
249124,3,1.0,5,2.0,0.0,0.0,0.0,0.0,3.0,,0.0,0.0,
249184,3,2.0,4,6.0,0.0,0.0,0.0,0.0,0.0,,0.0,,
249249,2,2.0,4,6.0,0.0,0.0,0.0,0.0,19.0,,0.0,0.0,
249268,3,2.0,5,8.0,1.0,0.0,1.0,0.0,9.0,1.0,0.125,0.1111111111111111,1.0
249325,3,2.0,4,16.0,4.0,0.0,0.0,0.0,21.0,0.0,0.0,0.0,
249473,3,0.0,4,7.0,0.0,0.0,0.0,0.0,7.0,,0.0,0.0,
249523,3,0.0,5,2.0,0.0,0.0,0.0,0.0,5.0,,0.0,0.0,
249641,3,2.0,5,14.0,1.0,1.0,0.0,0.0,33.0,0.0,0.0,0.0,
249677,4,2.0,5,16.0,2.0,0.0,0.0,0.0,17.0,0.0,0.0,0.0,
249947,3,0.0,5,13.0,0.0,0.0,0.0,0.0,26.0,,0.0,0.0,
250077,5,0.0,5,2.0,0.0,0.0,0.0,0.0,0.0,,0.0,,
250168,3,2.0,5,8.0,0.0,0.0,0.0,0.0,13.0,,0.0,0.0,
250448,-1,0.0,4,4.0,0.0,0.0,0.0,0.0,10.0,,0.0,0.0,
250536,4,0.0,5,14.0,0.0,0.0,0.0,0.0,14.0,,0.0,0.0,
250537,3,2.0,3,2.0,0.0,0.0,0.0,0.0,2.0,,0.0,0.0,
250561,3,2.0,3,32.0,1.0,0.0,0.0,3.0,35.0,0.0,0.0,0.0,0.0
250576,3,0.0,5,24.0,2.0,1.0,1.0,0.0,50.0,0.5,0.041666666666666664,0.02,1.0
250641,3,0.0,5,1.0,0.0,0.0,0.0,0.0,1.0,,0.0,0.0,
250853,3,0.0,4,4.0,0.0,0.0,0.0,0.0,2.0,,0.0,0.0,
250898,3,2.0,4,0.0,0.0,1.0,0.0,0.0,0.0,,,,
250906,3,0.0,4,4.0,0.0,0.0,0.0,0.0,8.0,,0.0,0.0,
251200,-1,1.0,4,2.0,0.0,0.0,0.0,0.0,14.0,,0.0,0.0,
251295,3,0.0,4,10.0,1.0,0.0,1.0,0.0,11.0,1.0,0.1,0.09090909090909091,1.0
251432,-1,1.0,5,2.0,0.0,0.0,0.0,0.0,2.0,,0.0,0.0,
251450,4,0.0,4,12.0,0.0,0.0,0.0,0.0,16.0,,0.0,0.0,
251775,3,0.0,5,6.0,0.0,0.0,0.0,0.0,7.0,,0.0,0.0,
251825,3,2.0,4,1.0,0.0,0.0,0.0,0.0,2.0,,0.0,0.0,
251865,4,0.0,3,4.0,0.0,0.0,0.0,0.0,6.0,,0.0,0.0,
251878,-1,2.0,5,5.0,0.0,0.0,0.0,0.0,9.0,,0.0,0.0,
252137,3,0.0,5,12.0,0.0,0.0,0.0,0.0,21.0,,0.0,0.0,
252271,5,2.0,5,1.0,0.0,0.0,0.0,0.0,1.0,,0.0,0.0,
252369,3,1.0,5,10.0,2.0,0.0,0.0,0.0,17.0,0.0,0.0,0.0,
252516,3,0.0,4,2.0,0.0,0.0,0.0,0.0,3.0,,0.0,0.0,
252619,3,1.0,4,1.0,1.0,0.0,0.0,0.0,12.0,0.0,0.0,0.0,
252644,3,0.0,5,0.0,0.0,1.0,0.0,0.0,0.0,,,,
252721,4,0.0,3,2.0,0.0,0.0,0.0,0.0,5.0,,0.0,0.0,
252818,-1,2.0,3,2.0,0.0,0.0,0.0,0.0,1.0,,0.0,0.0,
252819,3,0.0,5,4.0,0.0,0.0,0.0,0.0,10.0,,0.0,0.0,
252874,3,2.0,5,6.0,0.0,0.0,0.0,0.0,8.0,,0.0,0.0,
253010,2,1.0,4,6.0,0.0,0.0,0.0,0.0,11.0,,0.0,0.0,
253066,-1,0.0,5,10.0,0.0,0.0,0.0,0.0,14.0,,0.0,0.0,
253076,-1,0.0,5,28.0,0.0,0.0,0.0,0.0,25.0,,0.0,0.0,
253102,3,0.0,3,6.0,0.0,0.0,0.0,0.0,6.0,,0.0,0.0,
253243,4,2.0,3,2.0,0.0,0.0,0.0,0.0,2.0,,0.0,0.0,
253417,3,0.0,5,18.0,2.0,0.0,0.0,0.0,24.0,0.0,0.0,0.0,
253442,2,2.0,3,16.0,0.0,0.0,0.0,0.0,29.0,,0.0,0.0,
253462,-1,2.0,5,4.0,1.0,0.0,0.0,0.0,8.0,0.0,0.0,0.0,
253532,4,0.0,4,12.0,3.0,1.0,0.0,0.0,20.0,0.0,0.0,0.0,
253564,3,0.0,5,2.0,0.0,0.0,0.0,0.0,3.0,,0.0,0.0,
253590,3,0.0,4,38.0,1.0,1.0,0.0,0.0,30.0,0.0,0.0,0.0,
253757,3,2.0,4,2.0,0.0,0.0,0.0,0.0,0.0,,0.0,,
253884,-1,0.0,3,10.0,0.0,0.0,0.0,0.0,19.0,,0.0,0.0,
253914,4,0.0,5,2.0,0.0,0.0,0.0,0.0,8.0,,0.0,0.0,
253992,-1,0.0,3,6.0,1.0,0.0,1.0,0.0,10.0,1.0,0.16666666666666666,0.1,1.0
253995,4,2.0,3,2.0,0.0,0.0,0.0,1.0,6.0,,0.0,0.0,0.0
254160,-1,0.0,5,2.0,0.0,0.0,0.0,0.0,2.0,,0.0,0.0,
254264,3,2.0,3,10.0,0.0,0.0,0.0,0.0,9.0,,0.0,0.0,
254267,4,2.0,5,2.0,0.0,0.0,0.0,0.0,3.0,,0.0,0.0,
254356,4,0.0,5,4.0,0.0,0.0,0.0,0.0,7.0,,0.0,0.0,
254402,4,2.0,5,10.0,4.0,1.0,0.0,0.0,20.0,0.0,0.0,0.0,
254420,-1,0.0,4,8.0,0.0,0.0,0.0,0.0,12.0,,0.0,0.0,
254421,3,2.0,5,20.0,0.0,0.0,0.0,0.0,33.0,,0.0,0.0,
254486,4,0.0,5,0.0,1.0,1.0,1.0,0.0,0.0,1.0,1.0,1.0,1.0
254592,2,0.0,4,2.0,0.0,0.0,0.0,0.0,2.0,,0.0,0.0,
254668,3,2.0,5,4.0,0.0,0.0,0.0,0.0,4.0,,0.0,0.0,
254836,2,2.0,3,6.0,0.0,0.0,0.0,0.0,8.0,,0.0,0.0,
254921,-1,2.0,5,1.0,0.0,0.0,0.0,0.0,1.0,,0.0,0.0,
254941,-1,0.0,5,0.0,0.0,0.0,0.0,0.0,3.0,,,0.0,
255134,3,0.0,5,6.0,0.0,0.0,0.0,0.0,11.0,,0.0,0.0,
255243,-1,2.0,2,2.0,0.0,0.0,0.0,0.0,3.0,,0.0,0.0,
255293,4,0.0,5,20.0,0.0,0.0,0.0,0.0,58.0,,0.0,0.0,
255463,3,0.0,5,6.0,0.0,0.0,0.0,0.0,19.0,,0.0,0.0,
255467,3,0.0,5,8.0,0.0,0.0,0.0,0.0,10.0,,0.0,0.0,
255520,-1,0.0,3,26.0,0.0,0.0,0.0,0.0,37.0,,0.0,0.0,
255882,4,0.0,5,6.0,0.0,0.0,0.0,0.0,9.0,,0.0,0.0,
256026,-1,0.0,1,1.0,0.0,0.0,0.0,0.0,2.0,,0.0,0.0,
256063,4,0.0,4,3.0,1.0,0.0,0.0,0.0,0.0,0.0,0.0,,
256108,3,0.0,5,8.0,0.0,0.0,0.0,0.0,9.0,,0.0,0.0,
256143,-1,2.0,3,0.0,0.0,0.0,0.0,0.0,3.0,,,0.0,
256173,-1,2.0,2,14.0,0.0,0.0,0.0,0.0,19.0,,0.0,0.0,
256233,3,2.0,5,6.0,0.0,0.0,0.0,0.0,4.0,,0.0,0.0,
256263,2,0.0,4,0.0,0.0,1.0,0.0,0.0,0.0,,,,
256316,3,0.0,5,2.0,0.0,0.0,0.0,0.0,4.0,,0.0,0.0,
256352,4,1.0,5,2.0,0.0,0.0,0.0,0.0,2.0,,0.0,0.0,
256406,3,2.0,5,2.0,0.0,0.0,0.0,0.0,4.0,,0.0,0.0,
256553,4,2.0,5,2.0,0.0,0.0,0.0,0.0,3.0,,0.0,0.0,
256760,3,2.0,3,6.0,0.0,0.0,0.0,0.0,6.0,,0.0,0.0,
256852,3,0.0,5,2.0,0.0,0.0,0.0,0.0,3.0,,0.0,0.0,
257000,3,0.0,3,24.0,2.0,0.0,0.0,0.0,48.0,0.0,0.0,0.0,
257109,4,0.0,3,2.0,0.0,0.0,0.0,0.0,7.0,,0.0,0.0,
257249,4,0.0,4,4.0,0.0,0.0,0.0,0.0,6.0,,0.0,0.0,
257332,-1,2.0,4,0.0,0.0,1.0,0.0,0.0,0.0,,,,
257482,-1,2.0,1,1.0,0.0,0.0,0.0,0.0,1.0,,0.0,0.0,
257507,-1,2.0,2,2.0,0.0,0.0,0.0,0.0,3.0,,0.0,0.0,
257615,4,2.0,3,2.0,0.0,0.0,0.0,0.0,3.0,,0.0,0.0,
257629,-1,2.0,3,3.0,0.0,0.0,0.0,1.0,7.0,,0.0,0.0,0.0
257651,4,2.0,4,7.0,1.0,0.0,0.0,0.0,18.0,0.0,0.0,0.0,
257934,3,2.0,5,1.0,0.0,0.0,0.0,0.0,2.0,,0.0,0.0,
257965,3,2.0,5,2.0,0.0,0.0,0.0,0.0,18.0,,0.0,0.0,
257977,3,0.0,5,12.0,0.0,0.0,0.0,0.0,23.0,,0.0,0.0,
258046,3,2.0,5,8.0,0.0,0.0,0.0,0.0,8.0,,0.0,0.0,
258125,4,0.0,3,14.0,0.0,0.0,0.0,0.0,40.0,,0.0,0.0,
258558,-1,0.0,5,2.0,0.0,0.0,0.0,0.0,4.0,,0.0,0.0,
258590,3,2.0,5,28.0,0.0,0.0,0.0,0.0,50.0,,0.0,0.0,
258591,4,1.0,5,12.0,1.0,0.0,0.0,0.0,28.0,0.0,0.0,0.0,
258827,3,2.0,5,8.0,1.0,0.0,0.0,0.0,17.0,0.0,0.0,0.0,
258868,3,2.0,4,6.0,0.0,0.0,0.0,0.0,7.0,,0.0,0.0,
258967,-1,0.0,3,4.0,0.0,0.0,0.0,0.0,9.0,,0.0,0.0,
259031,2,2.0,5,6.0,0.0,0.0,0.0,0.0,5.0,,0.0,0.0,
259109,4,2.0,4,2.0,0.0,0.0,0.0,0.0,0.0,,0.0,,
259135,3,2.0,2,30.0,3.0,0.0,0.0,1.0,33.0,0.0,0.0,0.0,0.0
259284,2,2.0,5,30.0,1.0,0.0,0.0,0.0,48.0,0.0,0.0,0.0,
259327,2,0.0,4,2.0,0.0,0.0,0.0,0.0,3.0,,0.0,0.0,
259349,3,2.0,3,6.0,0.0,0.0,0.0,0.0,10.0,,0.0,0.0,
259406,4,2.0,4,8.0,0.0,0.0,0.0,0.0,4.0,,0.0,0.0,
259632,3,0.0,5,2.0,0.0,0.0,0.0,0.0,2.0,,0.0,0.0,
259676,3,2.0,5,12.0,3.0,0.0,0.0,0.0,18.0,0.0,0.0,0.0,
259685,4,2.0,4,0.0,0.0,0.0,0.0,0.0,6.0,,,0.0,
259723,3,2.0,5,20.0,0.0,0.0,0.0,0.0,16.0,,0.0,0.0,
259730,3,2.0,5,18.0,1.0,1.0,0.0,0.0,24.0,0.0,0.0,0.0,
259786,3,2.0,3,6.0,0.0,0.0,0.0,0.0,6.0,,0.0,0.0,
259852,2,2.0,5,4.0,0.0,0.0,0.0,0.0,11.0,,0.0,0.0,
259969,4,0.0,4,2.0,0.0,0.0,0.0,0.0,4.0,,0.0,0.0,
260026,3,2.0,4,2.0,0.0,0.0,0.0,0.0,6.0,,0.0,0.0,
260120,3,2.0,4,2.0,0.0,0.0,0.0,0.0,3.0,,0.0,0.0,
260199,4,2.0,4,10.0,0.0,0.0,0.0,0.0,15.0,,0.0,0.0,
260218,4,2.0,4,4.0,0.0,0.0,0.0,0.0,6.0,,0.0,0.0,
260300,3,1.0,4,6.0,0.0,0.0,0.0,0.0,18.0,,0.0,0.0,
260488,3,2.0,5,0.0,1.0,0.0,1.0,0.0,1.0,1.0,1.0,1.0,1.0
260586,3,2.0,4,4.0,0.0,0.0,0.0,0.0,4.0,,0.0,0.0,
260731,3,1.0,5,14.0,0.0,0.0,0.0,0.0,18.0,,0.0,0.0,
260765,4,2.0,3,8.0,0.0,0.0,0.0,0.0,9.0,,0.0,0.0,
260766,3,0.0,5,2.0,0.0,1.0,0.0,0.0,12.0,,0.0,0.0,
260776,4,2.0,4,10.0,0.0,0.0,0.0,0.0,18.0,,0.0,0.0,
260789,3,0.0,5,30.0,2.0,0.0,1.0,1.0,38.0,0.5,0.03333333333333333,0.02631578947368421,1.0
260904,3,0.0,5,15.0,0.0,0.0,0.0,2.0,33.0,,0.0,0.0,0.0
260958,4,2.0,4,2.0,0.0,0.0,0.0,0.0,2.0,,0.0,0.0,
261022,3,0.0,5,24.0,0.0,3.0,0.0,0.0,25.0,,0.0,0.0,
261060,2,2.0,4,4.0,0.0,0.0,0.0,0.0,4.0,,0.0,0.0,
261120,3,1.0,5,2.0,0.0,0.0,0.0,0.0,0.0,,0.0,,
261154,4,0.0,5,11.0,0.0,0.0,0.0,0.0,0.0,,0.0,,
261226,4,0.0,3,4.0,0.0,0.0,0.0,0.0,10.0,,0.0,0.0,
261243,-1,2.0,3,13.0,0.0,0.0,0.0,0.0,20.0,,0.0,0.0,
261405,3,0.0,5,6.0,0.0,0.0,0.0,0.0,12.0,,0.0,0.0,
261470,3,2.0,5,2.0,0.0,0.0,0.0,0.0,6.0,,0.0,0.0,
261505,3,2.0,4,2.0,0.0,0.0,0.0,0.0,3.0,,0.0,0.0,
261519,3,2.0,5,20.0,0.0,0.0,0.0,1.0,25.0,,0.0,0.0,0.0
261566,4,2.0,3,2.0,0.0,0.0,0.0,0.0,0.0,,0.0,,
261616,3,0.0,4,4.0,0.0,0.0,0.0,0.0,3.0,,0.0,0.0,
261623,3,2.0,4,2.0,0.0,0.0,0.0,0.0,4.0,,0.0,0.0,
261677,3,2.0,4,22.0,1.0,0.0,1.0,0.0,32.0,1.0,0.045454545454545456,0.03125,1.0
261770,3,0.0,5,6.0,0.0,0.0,0.0,0.0,14.0,,0.0,0.0,
261792,3,0.0,5,6.0,0.0,0.0,0.0,0.0,8.0,,0.0,0.0,
261863,3,1.0,5,4.0,0.0,0.0,0.0,0.0,4.0,,0.0,0.0,
261963,4,2.0,3,10.0,0.0,0.0,0.0,0.0,18.0,,0.0,0.0,
261982,3,0.0,5,2.0,0.0,0.0,0.0,0.0,9.0,,0.0,0.0,
261994,3,0.0,5,6.0,0.0,0.0,0.0,0.0,9.0,,0.0,0.0,
262112,4,2.0,2,2.0,0.0,0.0,0.0,0.0,15.0,,0.0,0.0,
262142,4,1.0,5,1.0,2.0,0.0,0.0,0.0,0.0,0.0,0.0,,
262143,3,2.0,3,0.0,1.0,0.0,0.0,0.0,0.0,0.0,,,
262201,3,0.0,5,14.0,1.0,0.0,0.0,0.0,24.0,0.0,0.0,0.0,
262204,4,2.0,4,6.0,0.0,0.0,0.0,0.0,16.0,,0.0,0.0,
262240,4,1.0,4,2.0,0.0,2.0,0.0,0.0,4.0,,0.0,0.0,
262314,3,2.0,4,2.0,0.0,0.0,0.0,0.0,5.0,,0.0,0.0,
262455,3,0.0,4,10.0,0.0,0.0,0.0,0.0,6.0,,0.0,0.0,
262473,3,2.0,4,3.0,1.0,0.0,0.0,0.0,0.0,0.0,0.0,,
262528,4,2.0,4,8.0,0.0,0.0,0.0,0.0,18.0,,0.0,0.0,
262614,3,0.0,5,4.0,1.0,0.0,0.0,0.0,7.0,0.0,0.0,0.0,
262680,-1,2.0,3,2.0,0.0,0.0,0.0,0.0,12.0,,0.0,0.0,
262699,-1,2.0,5,1.0,0.0,0.0,0.0,0.0,3.0,,0.0,0.0,
262706,2,2.0,4,6.0,0.0,0.0,0.0,0.0,5.0,,0.0,0.0,
262811,3,1.0,5,11.0,2.0,0.0,0.0,0.0,22.0,0.0,0.0,0.0,
262823,3,2.0,4,2.0,0.0,0.0,0.0,0.0,3.0,,0.0,0.0,
262932,3,0.0,5,2.0,1.0,0.0,0.0,0.0,3.0,0.0,0.0,0.0,
262953,2,0.0,4,6.0,1.0,0.0,0.0,0.0,7.0,0.0,0.0,0.0,
262984,4,2.0,3,6.0,0.0,0.0,0.0,0.0,15.0,,0.0,0.0,
263067,5,2.0,4,2.0,0.0,0.0,0.0,0.0,5.0,,0.0,0.0,
263341,3,0.0,4,2.0,0.0,0.0,0.0,0.0,0.0,,0.0,,
263362,3,2.0,3,4.0,0.0,0.0,0.0,0.0,6.0,,0.0,0.0,
263383,4,2.0,5,11.0,1.0,1.0,1.0,0.0,8.0,1.0,0.09090909090909091,0.125,1.0
263388,-1,2.0,5,54.0,1.0,0.0,0.0,0.0,63.0,0.0,0.0,0.0,
263422,3,0.0,4,34.0,0.0,0.0,0.0,0.0,74.0,,0.0,0.0,
263427,4,2.0,3,2.0,0.0,0.0,0.0,0.0,4.0,,0.0,0.0,
263488,3,0.0,4,16.0,0.0,0.0,0.0,0.0,14.0,,0.0,0.0,
263551,3,1.0,4,3.0,0.0,0.0,0.0,0.0,8.0,,0.0,0.0,
263570,4,0.0,2,6.0,0.0,0.0,0.0,0.0,10.0,,0.0,0.0,
263587,4,2.0,4,4.0,0.0,0.0,0.0,0.0,0.0,,0.0,,
263599,-1,2.0,5,2.0,0.0,0.0,0.0,0.0,4.0,,0.0,0.0,
263603,3,2.0,4,22.0,5.0,0.0,0.0,0.0,34.0,0.0,0.0,0.0,
263675,4,2.0,3,2.0,0.0,0.0,0.0,0.0,0.0,,0.0,,
263755,3,1.0,4,18.0,0.0,0.0,0.0,0.0,26.0,,0.0,0.0,
263778,-1,2.0,4,8.0,0.0,0.0,0.0,0.0,6.0,,0.0,0.0,
263870,3,2.0,2,0.0,0.0,1.0,0.0,0.0,0.0,,,,
263936,3,0.0,5,44.0,0.0,0.0,0.0,0.0,46.0,,0.0,0.0,
264081,4,1.0,5,1.0,1.0,0.0,0.0,0.0,0.0,0.0,0.0,,
264084,-1,0.0,4,2.0,2.0,0.0,0.0,0.0,5.0,0.0,0.0,0.0,
264257,4,2.0,5,24.0,6.0,2.0,1.0,0.0,21.0,0.16666666666666666,0.041666666666666664,0.047619047619047616,1.0
264280,4,2.0,3,4.0,3.0,0.0,1.0,0.0,8.0,0.3333333333333333,0.25,0.125,1.0
264288,4,2.0,3,12.0,0.0,0.0,0.0,0.0,11.0,,0.0,0.0,
264315,-1,0.0,5,8.0,0.0,0.0,0.0,0.0,6.0,,0.0,0.0,
264397,3,0.0,5,6.0,0.0,0.0,0.0,0.0,8.0,,0.0,0.0,
264424,2,2.0,4,2.0,0.0,0.0,0.0,0.0,2.0,,0.0,0.0,
264501,3,2.0,4,4.0,1.0,0.0,0.0,0.0,8.0,0.0,0.0,0.0,
264503,3,2.0,5,4.0,0.0,0.0,0.0,0.0,15.0,,0.0,0.0,
264520,5,2.0,2,2.0,0.0,0.0,0.0,0.0,4.0,,0.0,0.0,
264661,4,2.0,5,2.0,0.0,0.0,0.0,0.0,0.0,,0.0,,
264694,3,2.0,4,10.0,1.0,0.0,1.0,0.0,17.0,1.0,0.1,0.058823529411764705,1.0
264843,3,2.0,4,6.0,0.0,0.0,0.0,0.0,17.0,,0.0,0.0,
265162,4,2.0,4,2.0,0.0,0.0,0.0,0.0,3.0,,0.0,0.0,
265226,3,0.0,5,8.0,1.0,0.0,0.0,0.0,15.0,0.0,0.0,0.0,
265422,4,0.0,4,4.0,0.0,0.0,0.0,0.0,4.0,,0.0,0.0,
265440,2,2.0,4,2.0,0.0,0.0,0.0,0.0,4.0,,0.0,0.0,
265481,3,2.0,4,14.0,2.0,0.0,0.0,0.0,18.0,0.0,0.0,0.0,
265495,3,0.0,4,4.0,0.0,0.0,0.0,0.0,4.0,,0.0,0.0,
265591,3,1.0,5,4.0,0.0,0.0,0.0,0.0,4.0,,0.0,0.0,
265668,-1,2.0,3,1.0,0.0,0.0,0.0,0.0,2.0,,0.0,0.0,
265701,4,2.0,5,2.0,0.0,0.0,0.0,0.0,3.0,,0.0,0.0,
265761,3,2.0,3,6.0,0.0,0.0,0.0,0.0,9.0,,0.0,0.0,
265790,3,2.0,4,8.0,0.0,0.0,0.0,0.0,7.0,,0.0,0.0,
265879,3,0.0,4,2.0,0.0,0.0,0.0,0.0,2.0,,0.0,0.0,
265957,4,2.0,4,4.0,0.0,0.0,0.0,0.0,6.0,,0.0,0.0,
265960,3,2.0,5,32.0,3.0,0.0,0.0,0.0,38.0,0.0,0.0,0.0,
266067,4,0.0,5,4.0,0.0,0.0,0.0,0.0,4.0,,0.0,0.0,
266079,3,2.0,5,10.0,0.0,0.0,0.0,0.0,20.0,,0.0,0.0,
266094,4,2.0,5,4.0,1.0,0.0,0.0,0.0,4.0,0.0,0.0,0.0,
266143,3,2.0,5,30.0,3.0,0.0,1.0,0.0,38.0,0.3333333333333333,0.03333333333333333,0.02631578947368421,1.0
266166,3,2.0,4,4.0,0.0,0.0,0.0,0.0,6.0,,0.0,0.0,
266170,3,2.0,4,2.0,0.0,0.0,0.0,0.0,4.0,,0.0,0.0,
266314,4,2.0,5,6.0,0.0,0.0,0.0,0.0,28.0,,0.0,0.0,
266347,4,2.0,5,2.0,0.0,0.0,0.0,0.0,0.0,,0.0,,
266434,-1,2.0,2,1.0,0.0,0.0,0.0,0.0,2.0,,0.0,0.0,
266569,4,0.0,5,2.0,0.0,0.0,0.0,0.0,6.0,,0.0,0.0,
266591,3,0.0,5,4.0,0.0,3.0,0.0,0.0,4.0,,0.0,0.0,
266687,3,0.0,5,2.0,0.0,0.0,0.0,0.0,4.0,,0.0,0.0,
266704,4,0.0,4,0.0,0.0,11.0,0.0,0.0,0.0,,,,
266785,-1,2.0,4,4.0,0.0,0.0,0.0,0.0,4.0,,0.0,0.0,
266799,4,0.0,5,10.0,2.0,0.0,2.0,0.0,15.0,1.0,0.2,0.13333333333333333,1.0
266865,-1,2.0,2,1.0,0.0,0.0,0.0,0.0,1.0,,0.0,0.0,
266911,3,2.0,5,0.0,0.0,0.0,1.0,0.0,0.0,1.0,1.0,1.0,1.0
266935,-1,0.0,4,2.0,0.0,3.0,0.0,2.0,4.0,,0.0,0.0,0.0
266958,-1,2.0,5,24.0,2.0,0.0,0.0,0.0,47.0,0.0,0.0,0.0,
266984,3,2.0,4,2.0,0.0,0.0,0.0,0.0,4.0,,0.0,0.0,
266997,3,2.0,5,2.0,0.0,0.0,1.0,0.0,4.0,1.0,0.5,0.25,1.0
267023,3,0.0,5,2.0,0.0,0.0,0.0,0.0,3.0,,0.0,0.0,
267058,3,2.0,5,2.0,0.0,0.0,0.0,0.0,2.0,,0.0,0.0,
267062,4,2.0,5,2.0,0.0,0.0,0.0,0.0,3.0,,0.0,0.0,
267096,3,0.0,4,2.0,1.0,0.0,0.0,0.0,4.0,0.0,0.0,0.0,
267114,3,0.0,5,1.0,0.0,0.0,0.0,0.0,4.0,,0.0,0.0,
267129,3,1.0,5,6.0,1.0,0.0,0.0,0.0,8.0,0.0,0.0,0.0,
267196,2,2.0,4,38.0,0.0,0.0,0.0,0.0,73.0,,0.0,0.0,
267212,3,0.0,4,8.0,1.0,0.0,0.0,0.0,7.0,0.0,0.0,0.0,
267224,3,0.0,5,4.0,0.0,0.0,0.0,0.0,5.0,,0.0,0.0,
267252,4,0.0,5,2.0,0.0,0.0,0.0,0.0,3.0,,0.0,0.0,
267456,4,1.0,5,4.0,0.0,0.0,0.0,0.0,45.0,,0.0,0.0,
267635,4,0.0,5,2.0,0.0,0.0,0.0,0.0,2.0,,0.0,0.0,
267725,-1,2.0,5,4.0,0.0,0.0,0.0,0.0,8.0,,0.0,0.0,
267806,4,0.0,5,0.0,0.0,0.0,0.0,0.0,2.0,,,0.0,
267897,3,1.0,5,8.0,0.0,0.0,0.0,0.0,17.0,,0.0,0.0,
267976,4,0.0,5,4.0,0.0,0.0,0.0,0.0,8.0,,0.0,0.0,
268039,-1,2.0,4,9.0,0.0,0.0,0.0,0.0,20.0,,0.0,0.0,
268194,-1,0.0,5,10.0,1.0,0.0,0.0,0.0,12.0,0.0,0.0,0.0,
268212,3,2.0,5,2.0,0.0,0.0,0.0,0.0,5.0,,0.0,0.0,
268280,3,1.0,5,8.0,0.0,0.0,0.0,0.0,15.0,,0.0,0.0,
268284,3,0.0,4,2.0,0.0,0.0,0.0,0.0,3.0,,0.0,0.0,
268519,3,2.0,3,2.0,0.0,0.0,0.0,0.0,0.0,,0.0,,
268525,3,0.0,5,18.0,1.0,1.0,0.0,0.0,24.0,0.0,0.0,0.0,
268616,-1,2.0,3,2.0,0.0,0.0,0.0,0.0,5.0,,0.0,0.0,
268619,2,1.0,5,2.0,1.0,0.0,1.0,0.0,4.0,1.0,0.5,0.25,1.0
268640,-1,2.0,5,2.0,0.0,0.0,0.0,0.0,0.0,,0.0,,
268656,3,1.0,5,10.0,0.0,0.0,0.0,0.0,12.0,,0.0,0.0,
268752,3,2.0,5,2.0,0.0,0.0,0.0,0.0,3.0,,0.0,0.0,
268812,3,2.0,5,2.0,0.0,0.0,0.0,0.0,4.0,,0.0,0.0,
269042,5,2.0,3,4.0,0.0,0.0,0.0,0.0,4.0,,0.0,0.0,
269130,4,2.0,3,8.0,0.0,0.0,0.0,0.0,15.0,,0.0,0.0,
269257,3,2.0,4,6.0,0.0,0.0,0.0,0.0,19.0,,0.0,0.0,
269259,3,2.0,5,7.0,1.0,0.0,0.0,0.0,10.0,0.0,0.0,0.0,
269365,4,2.0,3,2.0,0.0,0.0,1.0,0.0,15.0,1.0,0.5,0.06666666666666667,1.0
269404,3,0.0,4,2.0,0.0,0.0,0.0,0.0,7.0,,0.0,0.0,
269489,3,0.0,3,14.0,1.0,1.0,0.0,0.0,16.0,0.0,0.0,0.0,
269805,4,0.0,5,2.0,1.0,0.0,0.0,0.0,0.0,0.0,0.0,,
269902,3,2.0,5,0.0,0.0,2.0,0.0,0.0,0.0,,,,
270208,2,2.0,4,0.0,0.0,0.0,0.0,0.0,1.0,,,0.0,
270232,3,2.0,4,8.0,0.0,0.0,0.0,0.0,0.0,,0.0,,
270248,3,0.0,5,6.0,0.0,0.0,0.0,0.0,16.0,,0.0,0.0,
270380,3,0.0,3,2.0,0.0,0.0,0.0,0.0,2.0,,0.0,0.0,
270438,3,0.0,4,2.0,0.0,0.0,0.0,0.0,2.0,,0.0,0.0,
270813,3,0.0,5,0.0,0.0,0.0,0.0,0.0,2.0,,,0.0,
270928,3,2.0,5,6.0,2.0,0.0,0.0,0.0,13.0,0.0,0.0,0.0,
270980,4,0.0,4,58.0,1.0,0.0,0.0,0.0,131.0,0.0,0.0,0.0,
271102,-1,2.0,3,1.0,0.0,0.0,0.0,0.0,2.0,,0.0,0.0,
271374,3,0.0,5,2.0,0.0,0.0,0.0,0.0,4.0,,0.0,0.0,
271442,3,0.0,5,4.0,0.0,0.0,0.0,0.0,10.0,,0.0,0.0,
271473,4,2.0,5,8.0,0.0,0.0,0.0,0.0,9.0,,0.0,0.0,
271480,3,1.0,5,6.0,0.0,0.0,0.0,0.0,5.0,,0.0,0.0,
271506,-1,2.0,5,8.0,0.0,0.0,0.0,0.0,12.0,,0.0,0.0,
271587,3,0.0,5,4.0,1.0,1.0,0.0,0.0,10.0,0.0,0.0,0.0,
271680,3,2.0,4,2.0,0.0,0.0,0.0,0.0,5.0,,0.0,0.0,
271730,3,2.0,5,18.0,0.0,1.0,0.0,0.0,22.0,,0.0,0.0,
271798,2,2.0,4,6.0,1.0,0.0,0.0,0.0,19.0,0.0,0.0,0.0,
271922,3,0.0,5,6.0,0.0,0.0,0.0,0.0,14.0,,0.0,0.0,
271983,4,2.0,4,14.0,1.0,0.0,0.0,0.0,30.0,0.0,0.0,0.0,
271994,-1,0.0,5,4.0,0.0,0.0,0.0,2.0,5.0,,0.0,0.0,0.0
272002,4,0.0,5,12.0,0.0,0.0,0.0,0.0,16.0,,0.0,0.0,
272113,-1,2.0,4,24.0,0.0,1.0,0.0,0.0,52.0,,0.0,0.0,
272168,3,0.0,5,11.0,0.0,0.0,0.0,0.0,20.0,,0.0,0.0,
272228,-1,2.0,4,4.0,0.0,0.0,0.0,0.0,11.0,,0.0,0.0,
272241,4,2.0,4,16.0,0.0,0.0,0.0,0.0,2.0,,0.0,0.0,
272261,-1,0.0,5,10.0,0.0,0.0,0.0,0.0,12.0,,0.0,0.0,
272374,3,0.0,5,2.0,1.0,0.0,0.0,0.0,6.0,0.0,0.0,0.0,
272427,5,2.0,3,0.0,0.0,0.0,0.0,0.0,16.0,,,0.0,
272469,3,2.0,4,2.0,0.0,0.0,0.0,0.0,2.0,,0.0,0.0,
272476,3,0.0,5,6.0,2.0,0.0,0.0,0.0,12.0,0.0,0.0,0.0,
272581,4,2.0,3,1.0,0.0,0.0,0.0,0.0,0.0,,0.0,,
272629,4,0.0,4,8.0,0.0,0.0,0.0,0.0,20.0,,0.0,0.0,
272729,3,0.0,5,15.0,3.0,0.0,0.0,0.0,20.0,0.0,0.0,0.0,
272753,3,0.0,5,1.0,0.0,0.0,0.0,1.0,16.0,,0.0,0.0,0.0
272818,3,1.0,5,16.0,2.0,1.0,1.0,0.0,18.0,0.5,0.0625,0.05555555555555555,1.0
272845,4,2.0,3,34.0,1.0,0.0,0.0,0.0,29.0,0.0,0.0,0.0,
272892,3,2.0,3,4.0,0.0,0.0,0.0,0.0,8.0,,0.0,0.0,
272910,-1,0.0,3,2.0,0.0,0.0,0.0,0.0,3.0,,0.0,0.0,
273030,3,0.0,4,24.0,1.0,0.0,0.0,0.0,0.0,0.0,0.0,,
273038,3,0.0,5,2.0,0.0,0.0,0.0,0.0,3.0,,0.0,0.0,
273060,4,2.0,4,38.0,1.0,0.0,0.0,0.0,48.0,0.0,0.0,0.0,
273114,3,2.0,4,2.0,0.0,0.0,0.0,0.0,0.0,,0.0,,
273164,3,2.0,5,1.0,0.0,0.0,0.0,0.0,0.0,,0.0,,
273228,4,0.0,5,10.0,0.0,0.0,0.0,0.0,18.0,,0.0,0.0,
273290,3,0.0,5,8.0,0.0,0.0,0.0,0.0,14.0,,0.0,0.0,
273354,4,0.0,5,10.0,1.0,0.0,0.0,0.0,39.0,0.0,0.0,0.0,
273420,3,2.0,5,16.0,1.0,0.0,0.0,0.0,11.0,0.0,0.0,0.0,
273571,3,2.0,4,14.0,0.0,0.0,0.0,0.0,13.0,,0.0,0.0,
273599,4,2.0,4,8.0,0.0,0.0,0.0,0.0,6.0,,0.0,0.0,
273657,-1,2.0,4,6.0,0.0,0.0,0.0,0.0,9.0,,0.0,0.0,
273783,3,2.0,5,1.0,0.0,0.0,0.0,0.0,0.0,,0.0,,
273951,3,2.0,5,2.0,0.0,0.0,0.0,0.0,6.0,,0.0,0.0,
273959,-1,2.0,5,4.0,2.0,3.0,1.0,0.0,9.0,0.5,0.25,0.1111111111111111,1.0
274072,6,2.0,5,20.0,1.0,2.0,0.0,0.0,30.0,0.0,0.0,0.0,
274174,-1,0.0,5,2.0,0.0,0.0,0.0,0.0,2.0,,0.0,0.0,
274214,3,0.0,5,20.0,1.0,0.0,0.0,0.0,28.0,0.0,0.0,0.0,
274325,4,2.0,5,4.0,0.0,0.0,0.0,0.0,8.0,,0.0,0.0,
274482,3,0.0,5,12.0,2.0,0.0,0.0,0.0,13.0,0.0,0.0,0.0,
274530,3,0.0,4,6.0,0.0,0.0,0.0,0.0,12.0,,0.0,0.0,
274567,-1,0.0,5,14.0,0.0,0.0,0.0,0.0,14.0,,0.0,0.0,
274581,4,0.0,3,2.0,0.0,0.0,0.0,0.0,4.0,,0.0,0.0,
274677,3,0.0,5,10.0,1.0,0.0,0.0,0.0,23.0,0.0,0.0,0.0,
274704,4,0.0,5,2.0,0.0,0.0,0.0,0.0,2.0,,0.0,0.0,
274713,-1,2.0,3,4.0,0.0,0.0,0.0,0.0,7.0,,0.0,0.0,
274831,2,2.0,4,2.0,0.0,0.0,0.0,0.0,3.0,,0.0,0.0,
274918,4,2.0,5,2.0,0.0,0.0,0.0,0.0,7.0,,0.0,0.0,
274944,-1,2.0,3,2.0,0.0,0.0,0.0,0.0,5.0,,0.0,0.0,
274991,-1,2.0,3,1.0,0.0,0.0,0.0,0.0,1.0,,0.0,0.0,
275042,4,0.0,3,2.0,0.0,0.0,0.0,0.0,2.0,,0.0,0.0,
275284,-1,0.0,5,6.0,0.0,0.0,0.0,0.0,24.0,,0.0,0.0,
275357,3,2.0,5,3.0,0.0,0.0,0.0,0.0,4.0,,0.0,0.0,
275466,3,2.0,5,1.0,0.0,0.0,1.0,0.0,4.0,1.0,1.0,0.25,1.0
275521,2,2.0,3,2.0,0.0,0.0,0.0,0.0,3.0,,0.0,0.0,
275541,4,0.0,4,24.0,2.0,0.0,0.0,0.0,50.0,0.0,0.0,0.0,
275583,3,2.0,5,0.0,18.0,0.0,0.0,0.0,0.0,0.0,,,
275597,-1,2.0,2,10.0,0.0,0.0,0.0,0.0,14.0,,0.0,0.0,
275636,4,2.0,5,10.0,0.0,0.0,0.0,0.0,5.0,,0.0,0.0,
275717,3,2.0,4,6.0,2.0,0.0,0.0,0.0,14.0,0.0,0.0,0.0,
275763,3,0.0,5,2.0,2.0,1.0,1.0,0.0,10.0,0.5,0.5,0.1,1.0
275838,3,2.0,4,2.0,0.0,0.0,0.0,0.0,4.0,,0.0,0.0,
275939,4,2.0,3,18.0,2.0,0.0,1.0,0.0,20.0,0.5,0.05555555555555555,0.05,1.0
275948,3,2.0,5,2.0,0.0,0.0,0.0,0.0,2.0,,0.0,0.0,
275954,3,0.0,5,5.0,0.0,0.0,0.0,0.0,7.0,,0.0,0.0,
275989,4,2.0,4,2.0,0.0,0.0,0.0,0.0,4.0,,0.0,0.0,
276318,3,0.0,5,18.0,1.0,0.0,1.0,0.0,19.0,1.0,0.05555555555555555,0.05263157894736842,1.0
276383,4,0.0,5,28.0,3.0,0.0,0.0,0.0,104.0,0.0,0.0,0.0,
276403,3,2.0,4,8.0,0.0,0.0,0.0,0.0,13.0,,0.0,0.0,
276453,-1,2.0,3,0.0,2.0,1.0,1.0,0.0,0.0,0.5,1.0,1.0,1.0
276466,3,2.0,5,16.0,3.0,0.0,1.0,0.0,16.0,0.3333333333333333,0.0625,0.0625,1.0
276612,-1,0.0,5,12.0,0.0,0.0,0.0,1.0,12.0,,0.0,0.0,0.0
276624,3,1.0,5,14.0,2.0,0.0,1.0,0.0,17.0,0.5,0.07142857142857142,0.058823529411764705,1.0
276832,3,2.0,4,2.0,0.0,0.0,0.0,0.0,3.0,,0.0,0.0,
276846,3,0.0,5,1.0,0.0,0.0,0.0,0.0,2.0,,0.0,0.0,
276854,3,2.0,4,12.0,3.0,1.0,0.0,0.0,32.0,0.0,0.0,0.0,
276904,4,0.0,5,4.0,0.0,0.0,0.0,0.0,0.0,,0.0,,
276982,3,2.0,4,2.0,0.0,0.0,0.0,0.0,2.0,,0.0,0.0,
277006,4,2.0,3,12.0,0.0,0.0,0.0,0.0,17.0,,0.0,0.0,
277066,4,0.0,5,8.0,0.0,0.0,0.0,0.0,10.0,,0.0,0.0,
277083,3,0.0,5,1.0,0.0,0.0,0.0,0.0,2.0,,0.0,0.0,
277166,3,0.0,5,1.0,0.0,0.0,0.0,0.0,2.0,,0.0,0.0,
277245,3,2.0,3,0.0,0.0,2.0,0.0,2.0,0.0,,,,0.0
277349,3,0.0,4,6.0,0.0,0.0,0.0,0.0,5.0,,0.0,0.0,
277410,4,2.0,4,28.0,0.0,0.0,0.0,1.0,45.0,,0.0,0.0,0.0
277482,4,2.0,4,4.0,0.0,0.0,0.0,0.0,6.0,,0.0,0.0,
277496,3,2.0,3,2.0,0.0,0.0,0.0,0.0,0.0,,0.0,,
277527,3,2.0,5,50.0,0.0,0.0,0.0,0.0,25.0,,0.0,0.0,
277594,3,2.0,5,2.0,0.0,0.0,0.0,0.0,3.0,,0.0,0.0,
277610,4,2.0,5,5.0,1.0,0.0,0.0,0.0,13.0,0.0,0.0,0.0,
277612,4,2.0,4,30.0,0.0,0.0,0.0,1.0,11.0,,0.0,0.0,0.0
277685,3,2.0,5,6.0,0.0,0.0,0.0,1.0,13.0,,0.0,0.0,0.0
277816,3,0.0,5,4.0,1.0,1.0,1.0,0.0,2.0,1.0,0.25,0.5,1.0
277919,3,0.0,5,4.0,1.0,0.0,0.0,0.0,9.0,0.0,0.0,0.0,
278027,-1,2.0,4,2.0,0.0,0.0,0.0,0.0,2.0,,0.0,0.0,
278278,4,2.0,5,2.0,0.0,0.0,0.0,0.0,2.0,,0.0,0.0,
278317,3,2.0,4,6.0,3.0,0.0,1.0,0.0,18.0,0.3333333333333333,0.16666666666666666,0.05555555555555555,1.0
278323,4,2.0,4,5.0,0.0,0.0,0.0,0.0,9.0,,0.0,0.0,
278850,4,2.0,3,12.0,0.0,0.0,0.0,0.0,17.0,,0.0,0.0,
278856,3,1.0,5,2.0,0.0,0.0,0.0,0.0,5.0,,0.0,0.0,
278996,3,2.0,3,0.0,0.0,1.0,0.0,0.0,0.0,,,,
279105,2,0.0,5,2.0,0.0,0.0,0.0,0.0,8.0,,0.0,0.0,
279181,3,2.0,5,2.0,0.0,0.0,0.0,0.0,3.0,,0.0,0.0,
279226,4,2.0,2,2.0,0.0,0.0,0.0,0.0,4.0,,0.0,0.0,
279580,3,0.0,5,20.0,0.0,1.0,0.0,0.0,33.0,,0.0,0.0,
279590,3,1.0,5,1.0,0.0,0.0,0.0,0.0,2.0,,0.0,0.0,
279687,6,2.0,5,6.0,0.0,0.0,0.0,0.0,3.0,,0.0,0.0,
279695,2,2.0,2,2.0,0.0,0.0,0.0,0.0,5.0,,0.0,0.0,
279739,-1,0.0,5,2.0,0.0,0.0,0.0,0.0,3.0,,0.0,0.0,
279798,4,0.0,5,2.0,0.0,0.0,0.0,0.0,7.0,,0.0,0.0,
279907,3,2.0,5,6.0,2.0,0.0,0.0,0.0,5.0,0.0,0.0,0.0,
279940,4,2.0,3,4.0,0.0,0.0,0.0,0.0,5.0,,0.0,0.0,
279946,3,0.0,5,3.0,0.0,0.0,0.0,0.0,6.0,,0.0,0.0,
280086,3,0.0,5,4.0,4.0,0.0,3.0,0.0,12.0,0.75,0.75,0.25,1.0
280151,4,2.0,5,6.0,0.0,0.0,0.0,0.0,12.0,,0.0,0.0,
280167,3,2.0,5,4.0,1.0,0.0,0.0,0.0,5.0,0.0,0.0,0.0,
280185,3,2.0,3,6.0,0.0,0.0,0.0,0.0,7.0,,0.0,0.0,
280186,3,2.0,5,11.0,5.0,0.0,1.0,0.0,7.0,0.2,0.09090909090909091,0.14285714285714285,1.0
280197,3,0.0,5,12.0,2.0,0.0,0.0,0.0,24.0,0.0,0.0,0.0,
280231,3,0.0,4,10.0,0.0,0.0,0.0,0.0,0.0,,0.0,,
280306,3,2.0,5,2.0,0.0,0.0,0.0,0.0,7.0,,0.0,0.0,
280379,3,1.0,4,2.0,0.0,0.0,0.0,0.0,0.0,,0.0,,
280394,3,0.0,5,3.0,0.0,0.0,0.0,0.0,5.0,,0.0,0.0,
280406,2,2.0,3,4.0,0.0,0.0,0.0,0.0,4.0,,0.0,0.0,
280450,4,2.0,3,6.0,1.0,0.0,0.0,0.0,13.0,0.0,0.0,0.0,
280498,4,2.0,5,0.0,0.0,0.0,1.0,0.0,0.0,1.0,1.0,1.0,1.0
280567,4,2.0,4,4.0,0.0,0.0,0.0,0.0,10.0,,0.0,0.0,
280676,3,2.0,5,14.0,0.0,0.0,0.0,0.0,14.0,,0.0,0.0,
280797,3,0.0,5,2.0,0.0,0.0,0.0,0.0,0.0,,0.0,,
280882,3,2.0,5,0.0,0.0,1.0,0.0,0.0,0.0,,,,
280891,3,2.0,4,1.0,0.0,0.0,0.0,0.0,0.0,,0.0,,
280904,4,0.0,5,7.0,2.0,0.0,0.0,0.0,9.0,0.0,0.0,0.0,
280932,4,0.0,4,4.0,0.0,0.0,0.0,0.0,3.0,,0.0,0.0,
280964,3,0.0,5,3.0,1.0,1.0,0.0,0.0,0.0,0.0,0.0,,
281004,4,2.0,3,12.0,0.0,0.0,0.0,0.0,26.0,,0.0,0.0,
281136,3,2.0,5,6.0,0.0,0.0,0.0,0.0,7.0,,0.0,0.0,
281213,3,2.0,4,4.0,0.0,0.0,0.0,0.0,3.0,,0.0,0.0,
281400,4,2.0,4,4.0,0.0,0.0,0.0,0.0,6.0,,0.0,0.0,
281409,4,2.0,2,2.0,0.0,0.0,0.0,0.0,3.0,,0.0,0.0,
281489,4,2.0,4,2.0,0.0,0.0,0.0,0.0,3.0,,0.0,0.0,
281654,3,2.0,4,8.0,0.0,0.0,0.0,0.0,12.0,,0.0,0.0,
281860,3,2.0,5,4.0,0.0,0.0,0.0,0.0,4.0,,0.0,0.0,
281998,4,2.0,4,10.0,1.0,0.0,0.0,0.0,25.0,0.0,0.0,0.0,
282181,4,2.0,3,32.0,0.0,0.0,0.0,0.0,80.0,,0.0,0.0,
282197,-1,2.0,4,3.0,0.0,0.0,0.0,0.0,6.0,,0.0,0.0,
282258,4,0.0,5,4.0,3.0,0.0,1.0,0.0,10.0,0.3333333333333333,0.25,0.1,1.0
282333,3,1.0,5,4.0,1.0,1.0,0.0,0.0,5.0,0.0,0.0,0.0,
282515,5,0.0,5,3.0,0.0,0.0,0.0,0.0,5.0,,0.0,0.0,
282776,-1,0.0,3,28.0,4.0,5.0,0.0,0.0,43.0,0.0,0.0,0.0,
282788,4,2.0,3,2.0,0.0,0.0,0.0,0.0,2.0,,0.0,0.0,
282797,4,0.0,5,2.0,0.0,0.0,0.0,0.0,3.0,,0.0,0.0,
282801,4,2.0,3,2.0,0.0,0.0,0.0,0.0,8.0,,0.0,0.0,
282839,4,0.0,5,4.0,0.0,0.0,0.0,0.0,9.0,,0.0,0.0,
282893,-1,2.0,4,6.0,0.0,0.0,0.0,0.0,10.0,,0.0,0.0,
283066,4,0.0,3,10.0,1.0,0.0,0.0,0.0,26.0,0.0,0.0,0.0,
283106,6,2.0,1,166.0,5.0,0.0,0.0,0.0,152.0,0.0,0.0,0.0,
283139,4,2.0,4,2.0,0.0,0.0,0.0,0.0,0.0,,0.0,,
283244,3,2.0,5,3.0,0.0,0.0,0.0,0.0,8.0,,0.0,0.0,
283249,3,0.0,5,6.0,0.0,0.0,0.0,0.0,5.0,,0.0,0.0,
283307,-1,2.0,3,12.0,1.0,0.0,0.0,0.0,17.0,0.0,0.0,0.0,
283346,-1,2.0,3,4.0,1.0,0.0,0.0,0.0,7.0,0.0,0.0,0.0,
283552,4,0.0,3,6.0,0.0,0.0,0.0,0.0,30.0,,0.0,0.0,
283710,2,2.0,4,2.0,0.0,0.0,0.0,0.0,18.0,,0.0,0.0,
283718,3,0.0,4,6.0,1.0,0.0,0.0,0.0,13.0,0.0,0.0,0.0,
283969,4,2.0,3,6.0,0.0,0.0,0.0,0.0,8.0,,0.0,0.0,
283994,4,0.0,5,2.0,0.0,0.0,0.0,0.0,6.0,,0.0,0.0,
284046,3,2.0,4,2.0,0.0,0.0,0.0,0.0,1.0,,0.0,0.0,
284345,4,0.0,3,6.0,0.0,0.0,0.0,0.0,17.0,,0.0,0.0,
284358,3,0.0,5,12.0,0.0,0.0,0.0,0.0,19.0,,0.0,0.0,
284359,3,0.0,5,1.0,0.0,0.0,0.0,0.0,1.0,,0.0,0.0,
284373,3,0.0,5,4.0,0.0,0.0,0.0,1.0,8.0,,0.0,0.0,0.0
284388,3,2.0,5,2.0,0.0,0.0,0.0,0.0,2.0,,0.0,0.0,
284391,4,2.0,5,2.0,0.0,0.0,0.0,0.0,2.0,,0.0,0.0,
284497,4,2.0,3,8.0,0.0,0.0,0.0,0.0,15.0,,0.0,0.0,
284499,4,2.0,3,12.0,0.0,0.0,0.0,0.0,9.0,,0.0,0.0,
284511,-1,2.0,4,2.0,0.0,0.0,0.0,0.0,2.0,,0.0,0.0,
284515,3,2.0,5,0.0,0.0,0.0,0.0,0.0,2.0,,,0.0,
284551,3,0.0,4,52.0,0.0,0.0,0.0,0.0,60.0,,0.0,0.0,
284703,3,2.0,4,4.0,0.0,0.0,0.0,0.0,9.0,,0.0,0.0,
284747,3,0.0,5,18.0,0.0,0.0,0.0,0.0,14.0,,0.0,0.0,
284771,3,0.0,4,28.0,0.0,0.0,0.0,0.0,24.0,,0.0,0.0,
284809,4,2.0,3,0.0,0.0,2.0,0.0,0.0,0.0,,,,
284981,-1,2.0,3,13.0,4.0,2.0,1.0,0.0,25.0,0.25,0.07692307692307693,0.04,1.0
285009,3,0.0,4,2.0,0.0,0.0,0.0,0.0,3.0,,0.0,0.0,
285125,3,0.0,5,7.0,1.0,0.0,0.0,0.0,21.0,0.0,0.0,0.0,
285213,4,0.0,2,2.0,0.0,0.0,0.0,0.0,2.0,,0.0,0.0,
285217,3,0.0,5,2.0,0.0,0.0,0.0,0.0,3.0,,0.0,0.0,
285241,3,0.0,3,6.0,0.0,0.0,0.0,0.0,11.0,,0.0,0.0,
285277,4,2.0,3,10.0,1.0,0.0,0.0,0.0,12.0,0.0,0.0,0.0,
285623,3,2.0,5,2.0,0.0,0.0,0.0,0.0,3.0,,0.0,0.0,
285682,5,0.0,4,0.0,0.0,0.0,0.0,0.0,1.0,,,0.0,
285709,-1,2.0,3,2.0,0.0,0.0,0.0,0.0,0.0,,0.0,,
285723,3,0.0,5,6.0,0.0,0.0,0.0,1.0,26.0,,0.0,0.0,0.0
285789,3,0.0,5,2.0,0.0,0.0,0.0,0.0,3.0,,0.0,0.0,
285802,4,0.0,5,2.0,0.0,0.0,0.0,0.0,0.0,,0.0,,
285828,3,2.0,3,1.0,0.0,0.0,0.0,0.0,2.0,,0.0,0.0,
285907,4,2.0,3,4.0,0.0,0.0,0.0,0.0,4.0,,0.0,0.0,
286056,3,2.0,3,14.0,0.0,0.0,0.0,0.0,12.0,,0.0,0.0,
286172,3,2.0,5,2.0,0.0,0.0,0.0,0.0,2.0,,0.0,0.0,
286340,4,2.0,5,2.0,0.0,0.0,0.0,0.0,16.0,,0.0,0.0,
286353,3,2.0,4,8.0,0.0,0.0,0.0,0.0,10.0,,0.0,0.0,
286567,3,2.0,5,4.0,0.0,0.0,0.0,0.0,7.0,,0.0,0.0,
286589,4,0.0,4,8.0,3.0,0.0,1.0,0.0,27.0,0.3333333333333333,0.125,0.037037037037037035,1.0
286617,-1,2.0,3,12.0,1.0,0.0,0.0,0.0,20.0,0.0,0.0,0.0,
286673,4,0.0,5,0.0,0.0,2.0,1.0,0.0,0.0,1.0,1.0,1.0,1.0
286831,6,0.0,4,4.0,0.0,0.0,0.0,0.0,5.0,,0.0,0.0,
287001,4,0.0,5,2.0,0.0,0.0,0.0,0.0,3.0,,0.0,0.0,
287071,3,0.0,5,1.0,0.0,0.0,0.0,0.0,2.0,,0.0,0.0,
287167,-1,0.0,2,4.0,2.0,0.0,1.0,0.0,6.0,0.5,0.25,0.16666666666666666,1.0
287264,3,2.0,3,2.0,0.0,0.0,0.0,0.0,5.0,,0.0,0.0,
287367,4,2.0,4,18.0,0.0,0.0,0.0,0.0,38.0,,0.0,0.0,
287532,3,0.0,5,2.0,0.0,0.0,0.0,0.0,4.0,,0.0,0.0,
287630,3,2.0,4,4.0,0.0,0.0,0.0,0.0,4.0,,0.0,0.0,
287720,3,2.0,2,2.0,0.0,0.0,0.0,0.0,3.0,,0.0,0.0,
287842,3,0.0,5,3.0,0.0,1.0,0.0,0.0,14.0,,0.0,0.0,
287896,4,2.0,5,10.0,0.0,0.0,0.0,0.0,22.0,,0.0,0.0,
287924,4,2.0,3,2.0,0.0,0.0,0.0,0.0,3.0,,0.0,0.0,
287973,3,2.0,4,2.0,0.0,0.0,0.0,0.0,2.0,,0.0,0.0,
288129,3,1.0,4,20.0,1.0,0.0,0.0,0.0,23.0,0.0,0.0,0.0,
288309,3,0.0,5,2.0,0.0,0.0,0.0,0.0,3.0,,0.0,0.0,
288378,3,0.0,5,5.0,1.0,1.0,0.0,0.0,0.0,0.0,0.0,,
288386,3,0.0,5,14.0,0.0,0.0,0.0,0.0,37.0,,0.0,0.0,
288412,-1,1.0,5,2.0,0.0,0.0,0.0,0.0,0.0,,0.0,,
288615,3,0.0,5,2.0,0.0,0.0,0.0,0.0,5.0,,0.0,0.0,
288859,4,0.0,5,6.0,1.0,0.0,0.0,0.0,2.0,0.0,0.0,0.0,
288932,4,2.0,4,2.0,0.0,0.0,0.0,0.0,4.0,,0.0,0.0,
288989,4,0.0,2,2.0,0.0,0.0,0.0,0.0,4.0,,0.0,0.0,
289063,3,2.0,2,1.0,0.0,0.0,0.0,0.0,2.0,,0.0,0.0,
289069,2,2.0,3,6.0,0.0,0.0,0.0,0.0,11.0,,0.0,0.0,
289094,3,0.0,4,20.0,0.0,0.0,0.0,0.0,20.0,,0.0,0.0,
289366,3,2.0,5,12.0,0.0,0.0,0.0,0.0,20.0,,0.0,0.0,
289415,3,0.0,5,12.0,0.0,1.0,0.0,0.0,13.0,,0.0,0.0,
289599,4,2.0,5,2.0,0.0,0.0,0.0,0.0,4.0,,0.0,0.0,
289645,3,2.0,5,8.0,0.0,0.0,0.0,0.0,18.0,,0.0,0.0,
289719,3,2.0,3,4.0,0.0,0.0,0.0,0.0,4.0,,0.0,0.0,
289807,4,0.0,2,4.0,0.0,0.0,0.0,0.0,8.0,,0.0,0.0,
289934,-1,0.0,3,4.0,0.0,0.0,0.0,0.0,6.0,,0.0,0.0,
290008,2,2.0,2,8.0,0.0,0.0,0.0,0.0,10.0,,0.0,0.0,
290020,3,2.0,5,4.0,1.0,0.0,0.0,0.0,5.0,0.0,0.0,0.0,
290082,3,0.0,5,2.0,0.0,0.0,0.0,0.0,3.0,,0.0,0.0,
290251,4,0.0,5,6.0,2.0,0.0,0.0,0.0,6.0,0.0,0.0,0.0,
290305,3,2.0,5,24.0,0.0,0.0,0.0,0.0,22.0,,0.0,0.0,
290321,3,2.0,3,4.0,1.0,0.0,0.0,0.0,26.0,0.0,0.0,0.0,
290516,4,0.0,5,4.0,0.0,0.0,0.0,0.0,8.0,,0.0,0.0,
290559,3,2.0,4,16.0,0.0,0.0,0.0,0.0,30.0,,0.0,0.0,
290629,4,2.0,2,6.0,1.0,0.0,0.0,0.0,5.0,0.0,0.0,0.0,
290655,3,2.0,4,44.0,4.0,0.0,0.0,0.0,84.0,0.0,0.0,0.0,
290696,4,2.0,5,16.0,0.0,0.0,0.0,0.0,22.0,,0.0,0.0,
290703,3,2.0,5,8.0,2.0,1.0,1.0,0.0,14.0,0.5,0.125,0.07142857142857142,1.0
290710,3,2.0,5,10.0,1.0,1.0,0.0,0.0,17.0,0.0,0.0,0.0,
290790,4,0.0,5,2.0,0.0,0.0,0.0,0.0,3.0,,0.0,0.0,
290805,3,2.0,3,2.0,1.0,0.0,0.0,0.0,3.0,0.0,0.0,0.0,
290845,3,0.0,5,21.0,4.0,0.0,0.0,0.0,23.0,0.0,0.0,0.0,
290911,3,0.0,5,2.0,0.0,0.0,0.0,0.0,2.0,,0.0,0.0,
290968,3,0.0,5,7.0,0.0,0.0,0.0,0.0,6.0,,0.0,0.0,
291101,4,2.0,2,2.0,0.0,0.0,0.0,0.0,3.0,,0.0,0.0,
291632,2,0.0,5,6.0,1.0,0.0,0.0,0.0,11.0,0.0,0.0,0.0,
291676,4,2.0,4,2.0,0.0,0.0,0.0,0.0,4.0,,0.0,0.0,
291777,-1,2.0,5,52.0,5.0,4.0,0.0,1.0,78.0,0.0,0.0,0.0,0.0
291864,3,0.0,4,4.0,0.0,0.0,0.0,0.0,5.0,,0.0,0.0,
292132,4,2.0,3,4.0,0.0,0.0,0.0,0.0,4.0,,0.0,0.0,
292683,4,0.0,5,12.0,0.0,0.0,0.0,0.0,20.0,,0.0,0.0,
292689,3,2.0,4,0.0,1.0,0.0,0.0,0.0,0.0,0.0,,,
292726,3,2.0,5,1.0,0.0,0.0,0.0,0.0,2.0,,0.0,0.0,
292773,3,2.0,4,20.0,1.0,0.0,0.0,0.0,25.0,0.0,0.0,0.0,
292789,4,2.0,5,2.0,0.0,0.0,0.0,0.0,4.0,,0.0,0.0,
292795,4,2.0,2,44.0,0.0,0.0,0.0,0.0,43.0,,0.0,0.0,
292797,6,2.0,5,3.0,0.0,0.0,0.0,0.0,5.0,,0.0,0.0,
292904,3,2.0,3,3.0,2.0,0.0,0.0,0.0,6.0,0.0,0.0,0.0,
292953,4,2.0,2,10.0,0.0,0.0,0.0,0.0,43.0,,0.0,0.0,
292990,3,0.0,5,2.0,0.0,0.0,0.0,0.0,0.0,,0.0,,
293182,4,0.0,5,1.0,0.0,0.0,0.0,0.0,1.0,,0.0,0.0,
293238,3,0.0,5,2.0,0.0,0.0,0.0,0.0,2.0,,0.0,0.0,
293289,4,2.0,2,2.0,0.0,0.0,0.0,0.0,2.0,,0.0,0.0,
293306,3,2.0,5,1.0,0.0,0.0,0.0,0.0,1.0,,0.0,0.0,
293346,5,0.0,4,7.0,3.0,1.0,0.0,0.0,24.0,0.0,0.0,0.0,
293481,3,2.0,5,30.0,0.0,0.0,0.0,0.0,42.0,,0.0,0.0,
293569,2,2.0,3,6.0,2.0,1.0,1.0,0.0,10.0,0.5,0.16666666666666666,0.1,1.0
293698,-1,2.0,2,3.0,0.0,0.0,0.0,0.0,7.0,,0.0,0.0,
293724,3,2.0,4,6.0,0.0,0.0,0.0,0.0,3.0,,0.0,0.0,
293770,4,0.0,3,2.0,0.0,0.0,0.0,0.0,4.0,,0.0,0.0,
293802,4,2.0,4,2.0,0.0,0.0,0.0,0.0,5.0,,0.0,0.0,
293891,4,2.0,3,4.0,0.0,0.0,0.0,0.0,3.0,,0.0,0.0,
294092,3,2.0,5,24.0,1.0,0.0,0.0,0.0,29.0,0.0,0.0,0.0,
294110,3,0.0,3,2.0,0.0,0.0,0.0,0.0,0.0,,0.0,,
294230,3,0.0,5,6.0,0.0,0.0,0.0,0.0,12.0,,0.0,0.0,
294326,4,2.0,5,12.0,0.0,0.0,0.0,0.0,11.0,,0.0,0.0,
294445,3,2.0,4,4.0,0.0,0.0,0.0,0.0,4.0,,0.0,0.0,
294452,4,2.0,4,2.0,0.0,0.0,0.0,0.0,3.0,,0.0,0.0,
294571,4,2.0,5,1.0,0.0,0.0,0.0,0.0,1.0,,0.0,0.0,
294668,3,2.0,3,2.0,0.0,0.0,0.0,0.0,2.0,,0.0,0.0,
294732,3,2.0,5,2.0,0.0,0.0,0.0,0.0,3.0,,0.0,0.0,
294771,2,2.0,3,4.0,0.0,0.0,0.0,0.0,0.0,,0.0,,
294823,3,2.0,5,3.0,2.0,0.0,1.0,0.0,5.0,0.5,0.3333333333333333,0.2,1.0
294948,4,2.0,5,18.0,0.0,0.0,1.0,0.0,17.0,1.0,0.05555555555555555,0.058823529411764705,1.0
295054,4,2.0,4,2.0,0.0,2.0,0.0,0.0,2.0,,0.0,0.0,
295090,2,0.0,4,4.0,0.0,0.0,0.0,0.0,0.0,,0.0,,
295493,4,2.0,5,1.0,0.0,0.0,0.0,0.0,1.0,,0.0,0.0,
295528,-1,0.0,5,4.0,0.0,0.0,0.0,0.0,6.0,,0.0,0.0,
295611,3,2.0,5,2.0,0.0,0.0,0.0,0.0,0.0,,0.0,,
295676,3,1.0,5,0.0,0.0,0.0,0.0,1.0,0.0,,,,0.0
295712,3,0.0,5,4.0,0.0,0.0,0.0,0.0,0.0,,0.0,,
295840,3,2.0,4,6.0,1.0,0.0,0.0,0.0,17.0,0.0,0.0,0.0,
295876,3,2.0,5,4.0,0.0,0.0,0.0,0.0,4.0,,0.0,0.0,
295964,4,2.0,3,4.0,0.0,0.0,0.0,0.0,1.0,,0.0,0.0,
295973,4,0.0,3,1.0,0.0,0.0,0.0,0.0,2.0,,0.0,0.0,
296043,4,2.0,5,8.0,3.0,0.0,0.0,0.0,13.0,0.0,0.0,0.0,
296059,2,0.0,3,1.0,0.0,0.0,0.0,0.0,2.0,,0.0,0.0,
296107,4,2.0,3,14.0,0.0,0.0,0.0,0.0,14.0,,0.0,0.0,
296127,4,2.0,3,0.0,0.0,0.0,0.0,0.0,2.0,,,0.0,
296130,2,2.0,2,1.0,0.0,0.0,0.0,0.0,2.0,,0.0,0.0,
296149,3,1.0,5,6.0,2.0,0.0,0.0,0.0,8.0,0.0,0.0,0.0,
296188,3,0.0,4,2.0,0.0,0.0,0.0,0.0,3.0,,0.0,0.0,
296367,4,2.0,3,2.0,1.0,0.0,0.0,0.0,5.0,0.0,0.0,0.0,
296588,3,1.0,4,28.0,0.0,0.0,0.0,0.0,37.0,,0.0,0.0,
296602,2,2.0,2,1.0,0.0,0.0,0.0,0.0,4.0,,0.0,0.0,
296657,3,2.0,3,1.0,0.0,0.0,0.0,0.0,19.0,,0.0,0.0,
296830,3,0.0,5,20.0,2.0,0.0,0.0,0.0,25.0,0.0,0.0,0.0,
296909,3,0.0,5,8.0,0.0,1.0,0.0,0.0,16.0,,0.0,0.0,
296928,6,2.0,4,6.0,0.0,0.0,0.0,0.0,8.0,,0.0,0.0,
297032,3,2.0,4,4.0,0.0,0.0,0.0,0.0,8.0,,0.0,0.0,
297235,3,2.0,2,14.0,0.0,0.0,0.0,0.0,61.0,,0.0,0.0,
297325,3,2.0,5,9.0,0.0,0.0,0.0,0.0,17.0,,0.0,0.0,
297355,2,0.0,5,6.0,1.0,0.0,0.0,0.0,11.0,0.0,0.0,0.0,
297384,3,0.0,4,0.0,0.0,3.0,0.0,0.0,0.0,,,,
297439,-1,2.0,5,0.0,0.0,15.0,0.0,0.0,0.0,,,,
297487,3,0.0,5,34.0,2.0,2.0,2.0,0.0,22.0,1.0,0.058823529411764705,0.09090909090909091,1.0
297543,3,2.0,5,7.0,1.0,0.0,0.0,0.0,18.0,0.0,0.0,0.0,
297547,4,2.0,4,2.0,0.0,0.0,0.0,0.0,4.0,,0.0,0.0,
297634,3,0.0,4,2.0,0.0,0.0,0.0,0.0,7.0,,0.0,0.0,
297692,3,2.0,3,6.0,0.0,0.0,0.0,0.0,6.0,,0.0,0.0,
297769,3,1.0,5,32.0,0.0,0.0,0.0,0.0,47.0,,0.0,0.0,
297894,2,2.0,3,16.0,0.0,0.0,0.0,0.0,27.0,,0.0,0.0,
297950,3,2.0,3,10.0,2.0,0.0,0.0,0.0,18.0,0.0,0.0,0.0,
297973,5,0.0,5,4.0,1.0,0.0,0.0,0.0,7.0,0.0,0.0,0.0,
298105,4,2.0,4,14.0,1.0,3.0,0.0,0.0,17.0,0.0,0.0,0.0,
298211,3,0.0,4,16.0,0.0,0.0,0.0,0.0,21.0,,0.0,0.0,
298262,4,2.0,4,4.0,3.0,0.0,1.0,0.0,8.0,0.3333333333333333,0.25,0.125,1.0
298312,-1,2.0,3,2.0,0.0,0.0,0.0,0.0,4.0,,0.0,0.0,
298335,3,0.0,5,22.0,0.0,0.0,0.0,0.0,26.0,,0.0,0.0,
298451,-1,2.0,2,8.0,0.0,0.0,0.0,0.0,19.0,,0.0,0.0,
298525,3,2.0,5,1.0,0.0,0.0,0.0,0.0,4.0,,0.0,0.0,
298739,4,0.0,4,20.0,0.0,0.0,0.0,0.0,48.0,,0.0,0.0,
298771,5,0.0,5,3.0,0.0,0.0,0.0,0.0,6.0,,0.0,0.0,
298846,3,0.0,5,7.0,1.0,0.0,0.0,0.0,14.0,0.0,0.0,0.0,
298921,3,2.0,4,14.0,0.0,0.0,0.0,0.0,48.0,,0.0,0.0,
299344,2,1.0,5,6.0,0.0,0.0,0.0,0.0,7.0,,0.0,0.0,
299562,3,0.0,5,2.0,1.0,0.0,0.0,0.0,3.0,0.0,0.0,0.0,
299665,3,2.0,5,2.0,0.0,0.0,0.0,0.0,0.0,,0.0,,
299678,4,0.0,5,40.0,0.0,0.0,0.0,2.0,50.0,,0.0,0.0,0.0
299759,6,0.0,3,2.0,1.0,0.0,0.0,0.0,12.0,0.0,0.0,0.0,
299882,4,0.0,5,2.0,0.0,0.0,0.0,0.0,3.0,,0.0,0.0,
299902,3,2.0,5,6.0,0.0,0.0,0.0,0.0,4.0,,0.0,0.0,
300270,4,2.0,4,0.0,0.0,1.0,0.0,0.0,0.0,,,,
300294,2,0.0,2,42.0,0.0,0.0,0.0,0.0,42.0,,0.0,0.0,
300301,3,2.0,4,4.0,0.0,0.0,0.0,1.0,4.0,,0.0,0.0,0.0
300424,2,2.0,2,8.0,0.0,0.0,0.0,0.0,12.0,,0.0,0.0,
300448,3,2.0,4,2.0,0.0,0.0,0.0,0.0,3.0,,0.0,0.0,
300523,2,0.0,5,4.0,1.0,1.0,0.0,0.0,5.0,0.0,0.0,0.0,
300573,5,0.0,2,20.0,2.0,0.0,0.0,0.0,37.0,0.0,0.0,0.0,
300622,3,0.0,4,8.0,1.0,0.0,0.0,0.0,11.0,0.0,0.0,0.0,
300658,2,0.0,5,0.0,0.0,3.0,0.0,0.0,0.0,,,,
300671,4,0.0,3,2.0,0.0,0.0,0.0,0.0,3.0,,0.0,0.0,
300755,2,2.0,3,8.0,1.0,0.0,1.0,0.0,13.0,1.0,0.125,0.07692307692307693,1.0
301032,3,2.0,5,12.0,1.0,1.0,1.0,0.0,16.0,1.0,0.08333333333333333,0.0625,1.0
301055,5,0.0,5,4.0,1.0,0.0,0.0,0.0,4.0,0.0,0.0,0.0,
301058,4,2.0,5,16.0,1.0,0.0,1.0,0.0,0.0,1.0,0.0625,1.0,1.0
301070,-1,1.0,1,1.0,0.0,0.0,0.0,0.0,2.0,,0.0,0.0,
301169,3,0.0,4,8.0,1.0,0.0,1.0,0.0,19.0,1.0,0.125,0.05263157894736842,1.0
301284,3,0.0,5,8.0,0.0,0.0,0.0,0.0,6.0,,0.0,0.0,
301357,3,0.0,5,2.0,0.0,0.0,0.0,0.0,0.0,,0.0,,
301403,2,0.0,3,12.0,0.0,0.0,0.0,0.0,12.0,,0.0,0.0,
301532,3,0.0,5,4.0,0.0,0.0,0.0,0.0,4.0,,0.0,0.0,
301697,3,0.0,4,4.0,0.0,0.0,0.0,0.0,2.0,,0.0,0.0,
301775,4,0.0,5,2.0,0.0,0.0,0.0,0.0,5.0,,0.0,0.0,
301789,4,2.0,3,2.0,0.0,0.0,0.0,0.0,4.0,,0.0,0.0,
301854,2,0.0,5,22.0,1.0,0.0,2.0,0.0,39.0,1.0,0.09090909090909091,0.05128205128205128,1.0
301879,3,1.0,2,2.0,0.0,0.0,0.0,0.0,2.0,,0.0,0.0,
301962,4,2.0,4,16.0,2.0,1.0,1.0,0.0,15.0,0.5,0.0625,0.06666666666666667,1.0
302033,-1,2.0,1,6.0,0.0,0.0,0.0,0.0,6.0,,0.0,0.0,
302069,4,2.0,3,0.0,1.0,0.0,0.0,0.0,0.0,0.0,,,
302165,2,2.0,4,2.0,0.0,0.0,0.0,0.0,3.0,,0.0,0.0,
302250,3,0.0,5,2.0,0.0,0.0,0.0,0.0,2.0,,0.0,0.0,
302306,2,0.0,4,12.0,1.0,0.0,0.0,0.0,22.0,0.0,0.0,0.0,
302357,5,2.0,5,1.0,0.0,0.0,0.0,0.0,2.0,,0.0,0.0,
302504,6,2.0,1,30.0,1.0,0.0,0.0,0.0,64.0,0.0,0.0,0.0,
302549,4,0.0,5,6.0,1.0,0.0,0.0,0.0,18.0,0.0,0.0,0.0,
302684,3,2.0,4,6.0,0.0,0.0,0.0,0.0,11.0,,0.0,0.0,
302723,6,0.0,2,2.0,0.0,0.0,0.0,0.0,4.0,,0.0,0.0,
302940,3,2.0,4,8.0,0.0,0.0,0.0,0.0,0.0,,0.0,,
302964,2,2.0,4,2.0,0.0,0.0,0.0,0.0,0.0,,0.0,,
302992,2,1.0,5,6.0,0.0,0.0,0.0,0.0,6.0,,0.0,0.0,
303037,3,2.0,4,6.0,0.0,0.0,0.0,0.0,8.0,,0.0,0.0,
303087,4,2.0,4,28.0,1.0,0.0,0.0,0.0,31.0,0.0,0.0,0.0,
303150,3,0.0,4,2.0,0.0,0.0,0.0,0.0,0.0,,0.0,,
303410,3,0.0,5,4.0,1.0,0.0,0.0,0.0,18.0,0.0,0.0,0.0,
303454,4,0.0,4,2.0,0.0,0.0,0.0,0.0,4.0,,0.0,0.0,
303560,3,2.0,3,2.0,0.0,0.0,0.0,0.0,4.0,,0.0,0.0,
303561,4,2.0,5,0.0,0.0,1.0,0.0,0.0,0.0,,,,
303584,4,2.0,5,6.0,0.0,0.0,0.0,0.0,6.0,,0.0,0.0,
303639,4,1.0,4,4.0,0.0,0.0,0.0,0.0,6.0,,0.0,0.0,
303724,4,0.0,5,2.0,0.0,0.0,0.0,0.0,5.0,,0.0,0.0,
304077,5,0.0,3,3.0,0.0,0.0,0.0,0.0,45.0,,0.0,0.0,
304187,-1,2.0,3,3.0,0.0,0.0,1.0,0.0,8.0,1.0,0.3333333333333333,0.125,1.0
304308,2,1.0,3,4.0,0.0,0.0,0.0,0.0,4.0,,0.0,0.0,
304349,4,2.0,2,8.0,0.0,0.0,0.0,0.0,17.0,,0.0,0.0,
304414,4,2.0,2,8.0,0.0,0.0,0.0,0.0,9.0,,0.0,0.0,
304428,4,2.0,3,10.0,0.0,0.0,0.0,0.0,18.0,,0.0,0.0,
304452,4,0.0,2,8.0,1.0,0.0,0.0,0.0,7.0,0.0,0.0,0.0,
304461,2,2.0,2,38.0,0.0,0.0,0.0,0.0,46.0,,0.0,0.0,
304619,2,2.0,3,2.0,0.0,0.0,0.0,0.0,6.0,,0.0,0.0,
304702,4,2.0,4,2.0,0.0,0.0,0.0,0.0,3.0,,0.0,0.0,
305239,3,2.0,4,0.0,1.0,0.0,0.0,0.0,0.0,0.0,,,
305318,4,2.0,3,14.0,0.0,0.0,1.0,0.0,12.0,1.0,0.07142857142857142,0.08333333333333333,1.0
